MAV_total,VAR_total,RMS_total,Wav_Leng,Dasdv,Damv,iav,Dedo_indice
475.1287128712871,248793.74,496.3168701984291,2608,37.72320240912746,115.2918341339084,47988,Dedo indice
474.0693069306931,253900.17,501.3843903939303,2725,39.85210157570113,139.29438290363694,47881,Dedo indice
455.019801980198,230431.27,477.6502614646282,2324,35.506900737743926,117.43221252818348,45957,Dedo indice
522.7326732673267,306894.88,551.2316362761513,3122,43.846322536787504,149.72865405352414,52796,Dedo indice
502.86138613861385,298202.21,543.3688552643472,2929,44.5195462690266,181.28359964709335,50789,Dedo indice
490.63366336633663,260505.82,507.864700934654,2453,33.87521217645729,107.74629938241345,49554,Dedo indice
518.4571428571429,298748.0,543.9694669302505,3200,44.185578921356054,133.64462585034016,54438,Dedo indice
391.6732673267327,163395.91,402.2165196916597,1981,27.74148518014131,61.85707283599648,39559,Dedo indice
443.2970297029703,213458.37,459.7226563832581,2308,34.061121531740554,100.93677090481322,44773,Dedo indice
458.1980198019802,231306.88,478.5569066174755,2724,38.13607216271755,117.87471816488575,46278,Dedo indice
405.0693069306931,173971.68,415.02914128867127,1991,29.31671877956331,74.24762278208017,40912,Dedo indice
419.26732673267327,188138.46,431.5966901753268,2186,27.94387231576898,78.26232722282131,42346,Dedo indice
542.059405940594,317098.74,560.3205765585014,2855,42.68758601748288,116.9267718851093,54748,Dedo indice
474.1287128712871,249881.87,497.4010374729911,2417,34.321858924015174,114.68875600431326,47887,Dedo indice
447.2772277227723,215027.33,461.4090880494808,2582,36.55789928319186,95.57023821194001,45175,Dedo indice
421.6237623762376,189176.44,432.78563509039213,2092,25.79922479455536,79.80550926379765,42584,Dedo indice
389.2277227722772,162401.86,400.9911729603025,2332,35.51872745468227,72.57033624154496,39312,Dedo indice
485.4950495049505,263761.79,511.02865587823237,2515,35.99736101438548,134.63738849132437,49035,Dedo indice
410.53465346534654,189679.14,433.36027588240165,2296,32.04434427477023,109.89099107930599,41464,Dedo indice
494.7722772277228,271865.92,518.8199863322748,3012,43.005115974730266,132.33251641995884,49972,Dedo indice
493.45544554455444,266188.03,513.37365042481,2755,40.44836214236616,121.1549848054112,49839,Dedo indice
481.6039603960396,259081.8,506.4747117708508,2787,38.87222658917289,139.6523870208803,48642,Dedo indice
467.8217821782178,234680.06,482.0337073789601,2235,28.66513561802909,93.08107048328594,47250,Dedo indice
476.3267326732673,242916.57,490.4196727758222,2361,30.739713726708647,103.53063425154397,48109,Dedo indice
483.7920792079208,265270.91,512.488502648142,3039,50.6597473345456,138.57229683364375,48863,Dedo indice
410.64356435643566,183830.75,426.62705442148933,2397,32.26530644515871,91.50593079109893,41475,Dedo indice
463.0495049504951,233936.52,481.26948462548836,2591,33.66466990778314,114.0568571708656,46768,Dedo indice
502.1287128712871,288697.85,534.639556566426,3609,49.99609984788814,147.21772375257325,50715,Dedo indice
449.980198019802,233408.52,480.72605978296565,2841,45.55732652384246,122.8616802274287,45448,Dedo indice
527.4752475247525,326493.25,568.5601494691274,3844,65.65576897729552,169.5621997843348,53275,Dedo indice
522.5544554455446,310031.62,554.0415146900095,3036,47.40907086201964,160.73149691206746,52778,Dedo indice
482.8019801980198,271961.15,518.9108452774278,3301,51.81418724635175,147.8362905597491,48763,Dedo indice
442.25742574257424,218705.34,465.3385225769079,3150,44.29672674137447,111.8662876188609,44668,Dedo indice
468.6732673267327,249691.82,497.21184998185254,2859,43.68191845603853,132.33918243309478,47336,Dedo indice
453.63366336633663,224324.69,471.2787428532572,2796,38.90089973252547,106.59582393882948,45817,Dedo indice
448.8910891089109,230010.96,477.21444211420953,3187,47.192478214223925,126.30663660425446,45338,Dedo indice
437.9306930693069,215224.29,461.6203596416037,2730,40.786027019066225,119.53592785021078,44231,Dedo indice
400.3762376237624,174895.5,416.1296208949065,2361,35.96818038210996,88.36819919615722,40438,Dedo indice
390.3762376237624,162599.86,401.2355422891143,2123,31.043034645472403,72.00901872365456,39428,Dedo indice
451.63366336633663,227011.51,474.0926821699832,2705,45.93919894817497,119.2043917263013,45615,Dedo indice
439.71287128712873,214418.41,460.75530973125484,2873,44.43433357213766,115.19478482501715,44411,Dedo indice
417.66336633663366,191696.9,435.6591682624034,2858,42.816585571481525,89.58592294873051,42184,Dedo indice
458.73267326732673,229991.38,477.1941299133534,2273,32.66205749795931,103.39182433094795,46332,Dedo indice
455.51485148514854,221350.69,468.14431429838066,2844,37.185212114495194,89.46495441623367,46007,Dedo indice
488.980198019802,268036.97,515.1535097559381,3453,54.49119194879113,127.262817370846,49387,Dedo indice
439.4059405940594,211029.32,457.0994648783558,2580,36.442008726194004,92.93147730614649,44380,Dedo indice
411.25742574257424,179084.95,421.0841147361989,2329,34.65010822493921,68.47505146554258,41537,Dedo indice
445.5247524752475,216547.2,463.036897360061,2817,43.197569376065594,100.81501813547696,44998,Dedo indice
444.7722772277228,217164.66,463.69657627751053,2411,36.33524459804833,96.89402999705912,44922,Dedo indice
536.2673267326733,320338.45,563.1756228550894,2811,39.97261562620089,149.10969512792866,54163,Dedo indice
531.3267326732673,313256.36,556.9154441036701,3112,45.05196999022351,144.67150279384373,53664,Dedo indice
473.990099009901,257077.47,504.51179224558416,2903,40.68673002343639,125.88628565826879,47873,Dedo indice
495.4190476190476,265330.04807692306,512.643243628642,2857,36.70136761232999,107.70467120181407,52019,Dedo indice
502.8514851485148,282608.14,528.9707360563157,3174,50.972737811500764,110.79737280658755,50788,Dedo indice
523.3267326732673,299869.0,544.8853090330111,3280,47.13597352341415,123.2122340946966,52856,Dedo indice
503.74257425742576,287311.9,533.3546922290759,3063,47.73541662120485,118.06744436819916,50878,Dedo indice
522.9702970297029,300795.88,545.7267658547609,3081,42.527520501435305,127.18772669346137,52820,Dedo indice
464.2178217821782,228649.6,475.800107791347,2410,33.544000953970894,76.37604156455247,46886,Dedo indice
537.980198019802,321161.5,563.8986461841497,3015,44.27832426820148,141.538868738359,54336,Dedo indice
474.64356435643566,242022.37,489.5161988237887,2435,34.60043352329563,90.12410547985496,47939,Dedo indice
518.7524752475248,297154.12,542.4131266848176,3148,46.574885936521625,126.83501617488487,52394,Dedo indice
473.81188118811883,246035.21,493.5577147829645,2972,47.84433090764255,97.16733653563378,47855,Dedo indice
485.4770642201835,256537.67592592593,504.1667573988343,2904,39.34063020828702,101.96717448026261,52917,Dedo indice
524.9207920792079,304393.75,548.9808288957362,3203,47.72263613841968,132.1539064797569,53017,Dedo indice
481.1089108910891,248706.46,496.2298054349217,2623,38.76093394127649,83.06146456229784,48592,Dedo indice
506.8811881188119,276975.89,523.6731370382154,2760,36.956731457205464,111.4533869228507,51195,Dedo indice
468.5742574257426,233522.86,480.8437921770931,2282,32.952086428631496,78.32663464366242,47326,Dedo indice
504.4752475247525,274194.2,521.0368566047838,2670,40.95729483254479,103.61023429075586,50952,Dedo indice
459.6930693069307,222854.63,469.7319964776207,2585,33.42379391990084,70.54798549161848,46429,Dedo indice
518.1089108910891,293637.17,539.1937233380306,2578,35.65529413705628,116.16861092049798,52329,Dedo indice
541.3267326732673,320879.96,563.6514265865645,2974,46.57767705671892,128.49936280756788,54674,Dedo indice
489.13861386138615,252775.25,500.2724505231877,2175,32.45874304405517,67.8884423095775,49403,Dedo indice
517.8613861386139,290061.0,535.900278886745,3001,41.51493707089052,110.78913831977259,52304,Dedo indice
492.0990099009901,266289.2,513.4712000368927,2537,35.828340737466476,114.68189393196742,49702,Dedo indice
435.54455445544556,198506.94,443.3300404354246,2511,34.06537831875642,57.606313106558204,43990,Dedo indice
549.4851485148515,335624.8,576.4562274606961,3178,45.23052066912341,145.95059307910992,55498,Dedo indice
534.1980198019802,307221.74,551.5251042283202,2953,44.34782971014478,109.9023625134791,53954,Dedo indice
491.6732673267327,260220.41,507.58641658049686,2655,36.666196966688545,93.37613959415745,49659,Dedo indice
501.0693069306931,266832.06,513.9943174937264,2516,34.86688973797347,87.91785119105967,50608,Dedo indice
521.0891089108911,295983.42,541.343597994018,3162,52.35799843385918,115.40888148220768,52630,Dedo indice
529.6831683168317,311272.9,555.1495204888588,2785,41.86800687876126,132.89383393784928,53498,Dedo indice
498.18811881188117,272352.99,519.2845325470173,2901,49.15516249591695,106.038035486717,50317,Dedo indice
497.3069306930693,271720.74,518.681439463149,2693,40.29528508398967,114.20154886775809,50228,Dedo indice
563.8514851485148,346777.63,585.9557902425846,2930,44.055192656484884,132.9771591020488,56949,Dedo indice
523.5445544554456,304373.4,548.962477752531,3010,45.47878626348773,134.69542201744926,52878,Dedo indice
511.6930693069307,295014.87,540.457149728884,2982,50.60454525040216,118.08646211155765,51681,Dedo indice
547.1538461538462,333668.4466019418,574.8565874666882,3121,45.97962824547664,147.37130177514794,56904,Dedo indice
521.8316831683169,295347.99,540.7621958636232,3026,39.967486786136554,118.0770512694834,52705,Dedo indice
509.6930693069307,287470.41,533.5017978571691,3132,41.57884077268148,119.19223605528867,51479,Dedo indice
539.0792079207921,320905.73,563.6740596697301,3167,50.53780762953613,127.25673953533968,54447,Dedo indice
523.6336633663366,298775.37,543.890796042553,3123,41.37958433817334,119.91726301343002,52887,Dedo indice
531.6831683168317,309090.5,553.1999620569419,3191,44.6364201073518,122.45093618272718,53700,Dedo indice
553.2277227722773,339783.34,580.0165071054887,3511,51.69574450571343,142.97539456915993,55876,Dedo indice
481.23762376237624,246742.47,494.2666034110789,2495,36.37375427420161,81.16478776590532,48605,Dedo indice
508.7029702970297,281898.57,528.3062511929089,2687,38.906169176622875,112.05548475639644,51379,Dedo indice
513.2475247524752,289389.74,535.2798287340042,2942,45.29966887296197,122.64523085971958,51838,Dedo indice
422.15841584158414,202150.82,447.38051671108036,2796,42.72680657385946,102.80952847760025,42638,Dedo indice
473.4059405940594,247682.72,495.2074472800103,3013,44.378260443600084,117.27869816684635,47814,Dedo indice
475.0792079207921,250062.63,497.58091038165605,2817,38.46907849169252,122.77364964219198,47983,Dedo indice
432.970297029703,200493.42,445.54274389071065,2533,36.065080063684874,83.80217625722969,43730,Dedo indice
464.7920792079208,238802.62,486.2491517974734,2741,38.0437905577244,116.32643858445248,46944,Dedo indice
493.5049504950495,274523.06,521.3492206774554,3238,49.163807826489595,134.54112341927265,49844,Dedo indice
473.8712871287129,245198.11,492.7173692296569,2907,40.26350705042967,113.98313890795023,47861,Dedo indice
462.03960396039605,232300.2,479.5833587811424,2896,37.340862336052176,100.12939907852174,46666,Dedo indice
504.05940594059405,281574.28,528.0022877238167,2910,40.372267709406664,136.26860111753751,50910,Dedo indice
470.51485148514854,244010.64,491.52283066944807,2767,38.59468875376507,120.05783746691498,47522,Dedo indice
499.96039603960395,284166.16,530.4268410095461,3524,46.867899462211874,146.48367807077733,50496,Dedo indice
506.16831683168317,289596.13,535.4706729449881,3335,46.69528884159514,143.83707479658855,51123,Dedo indice
525.4059405940594,317349.34,560.541940738365,3646,52.326475134486174,159.4890696990491,53066,Dedo indice
527.6534653465346,306190.83,550.5989807689099,3238,45.54667935206693,132.15488677580626,53293,Dedo indice
447.18811881188117,214789.18,461.15350422114926,2515,32.912459646765996,85.1889030487207,45166,Dedo indice
527.7029702970297,315678.9,559.0647246398521,3382,50.55314035744961,146.05332810508776,53298,Dedo indice
449.18811881188117,216693.78,463.1935848321984,2868,38.55593339552293,91.20125477894321,45368,Dedo indice
506.1980198019802,294663.18,540.134911639932,3597,56.12031717658053,155.07871777276742,51126,Dedo indice
478.91089108910893,255267.18,502.7323166240836,3009,44.16865404333711,123.49455935692578,48370,Dedo indice
482.33663366336634,270247.32,517.2732391690063,3482,50.27882257969055,159.40378394275066,48716,Dedo indice
454.1089108910891,223970.29,470.9063201701986,2305,34.81623184665452,99.16772865405355,45865,Dedo indice
462.0792079207921,230414.6,477.6329839183352,2529,32.91185196855382,98.34427997255169,46670,Dedo indice
459.6732673267327,231341.11,478.59231498259146,2736,36.12146176444137,109.14380943044799,46427,Dedo indice
461.86138613861385,231055.82,478.29712377753367,2750,34.923058285322035,105.11420448975595,46648,Dedo indice
531.1287128712871,318931.04,561.9371022905437,3587,49.02193386638271,151.43044799529454,53644,Dedo indice
523.5049504950495,316652.06,559.9257906982932,3838,55.35684239549796,164.95657288501133,52874,Dedo indice
438.6039603960396,211696.75,457.82173667734196,2682,36.52642878793382,111.36359180472503,44299,Dedo indice
435.3267326732673,199909.66,444.8936462073195,2782,37.729564004902045,75.88020782276247,43968,Dedo indice
485.5742574257426,250872.65,498.38615788988125,2596,35.41750979388585,89.14910302911476,49043,Dedo indice
444.8811881188119,214228.87,460.55161717141755,2826,39.464160956493174,99.95078913831978,44933,Dedo indice
490.84158415841586,272096.53,519.0399839612504,3819,54.64128475795568,140.00352906577783,49575,Dedo indice
491.009900990099,272353.78,519.2852856771431,3365,45.67876968570848,138.88422703656502,49592,Dedo indice
497.990099009901,284872.59,531.0857457199644,3573,51.67310712546711,149.96725811194983,50297,Dedo indice
471.4950495049505,248053.47,495.5779404387416,3216,41.222324048990735,131.66709146162142,47621,Dedo indice
448.1287128712871,221229.19,468.01581381423216,2542,40.115583007105855,113.61121458680516,45261,Dedo indice
495.2079207920792,275742.66,522.5060139878443,3199,45.17930942367313,142.1562591902755,50016,Dedo indice
495.34653465346537,282091.84,528.4873238642044,3542,53.28958622470248,148.74384864228998,50030,Dedo indice
460.6831683168317,235200.67,482.56807861176384,2903,38.69431482789171,117.37339476521916,46529,Dedo indice
440.23762376237624,214822.74,461.18952956264934,3183,42.4333595181904,100.99225566120968,44464,Dedo indice
472.0495049504951,249478.09,496.99900392353914,2908,41.26451259859978,124.20135280854818,47677,Dedo indice
517.8316831683169,293431.15,539.0045371693163,3116,45.14044749445889,124.55582786001374,52301,Dedo indice
520.3168316831683,292827.36,538.4496997936955,2844,42.44596565045965,115.95765121066556,52552,Dedo indice
509.34653465346537,276638.04,523.3536562449435,2936,42.02237499237757,90.96245466130773,51444,Dedo indice
535.1782178217821,311688.81,555.5202806182848,2994,40.78431070889883,124.5172041956671,54053,Dedo indice
487.9306930693069,253282.97,500.77461778906303,2587,34.78548547886029,94.52877168905012,49281,Dedo indice
566.5841584158416,363142.25,599.6221995375237,3481,54.31381039846127,166.51426330751883,57225,Dedo indice
572.8415841584158,377310.25,611.2074156540438,3903,58.72793202557025,177.97117929614734,57857,Dedo indice
464.6039603960396,223381.37,470.28679895073253,2082,29.584793391200147,55.15812175276935,46925,Dedo indice
508.8712871287129,279826.52,526.361055166546,2955,38.91105241444903,114.31467503185965,51396,Dedo indice
531.0096153846154,317994.0485436893,561.1919577662695,3332,48.99950465372767,147.0713757396449,55225,Dedo indice
509.25742574257424,280295.43,526.8018865975826,2734,36.899322487005094,104.28271738064899,51435,Dedo indice
531.059405940594,302908.01,547.6394076325033,2751,38.950353015088325,110.66699343201644,53637,Dedo indice
529.3960396039604,306237.17,550.6406439883285,3015,42.31229135842208,120.12155671012644,53469,Dedo indice
497.54455445544556,272268.26,519.2037506157533,3253,43.3410890495382,117.38123713361433,50252,Dedo indice
511.5049504950495,285054.12,531.2549312525937,2909,42.28226578602429,106.08587393392804,51662,Dedo indice
533.4455445544554,305121.6,549.6367837576066,2982,40.71363407999831,109.95294578962846,53878,Dedo indice
501.33663366336634,271440.55,518.41394638067,2973,42.70702518321781,102.00431330261739,50635,Dedo indice
524.2475247524752,299902.17,544.9154444353347,3092,45.589691817339585,118.07587491422413,52949,Dedo indice
476.0,242523.4,490.02263031192933,2612,37.965510664285816,84.13861386138613,48076,Dedo indice
523.4059405940594,298585.08,543.7175664618607,3233,44.73600339771089,118.76012155671008,52864,Dedo indice
520.7128712871287,296655.5,541.9578552172513,3005,41.67529244048564,118.72522301735125,52592,Dedo indice
521.0297029702971,296173.26,541.5171756141707,2990,42.41980669451477,121.48495245564166,52624,Dedo indice
564.1287128712871,359747.65,596.8130294147472,3474,52.318639126032316,158.02705617096362,56977,Dedo indice
527.5148514851485,305752.97,550.2051552569161,3157,47.3800590966284,128.56484658366827,53279,Dedo indice
511.74257425742576,287478.0,533.5088407592857,2873,40.3034737956916,118.67287520831296,51686,Dedo indice
507.8910891089109,276600.85,523.3184763819946,2649,33.325215678221795,101.71473384962256,51297,Dedo indice
559.5940594059406,352764.75,590.9924108674918,3397,53.34463421938518,158.60621507695325,56519,Dedo indice
530.049504950495,311339.91,555.2092728275198,3291,47.005850699673545,131.2794824036859,53535,Dedo indice
541.5148514851485,329705.47,571.3502073211671,3321,50.475043338267675,137.9911773355553,54693,Dedo indice
581.7920792079208,385615.53,617.8976893106541,4246,61.79886730353559,165.88667777668857,58761,Dedo indice
493.5049504950495,257245.44,504.67658499829827,2662,35.97610317974975,84.47152239976472,49844,Dedo indice
511.2970297029703,293889.81,539.4256296293216,3038,47.795188042312375,132.29075580825415,51641,Dedo indice
506.91089108910893,276634.04,523.3498725603273,2802,39.15328849534864,105.30398980492104,51198,Dedo indice
559.5643564356436,352112.92,590.4461478114212,3622,54.07161917309301,153.3230075482796,56516,Dedo indice
522.8712871287129,296122.64,541.47089734654,2823,40.740029455070356,116.20801882168416,52810,Dedo indice
504.5742574257426,273002.56,519.9034182965484,2662,37.66669616518019,107.4549553965298,50962,Dedo indice
482.5049504950495,251999.03,499.5037438288225,2683,37.311258354550304,101.04636800313696,48733,Dedo indice
509.23762376237624,278560.81,525.1692890661237,2973,36.867736572781354,101.60709734339767,51433,Dedo indice
526.1089108910891,296149.23,541.4952071864908,2672,38.25284303159701,101.662778159004,53137,Dedo indice
535.059405940594,322097.29,564.7195834401284,3368,48.16181059719412,150.51328301146944,54041,Dedo indice
463.3168316831683,231856.09,479.12470730334377,2782,41.490480835970075,95.19360846975786,46795,Dedo indice
527.019801980198,310573.03,554.5250666155232,3480,49.10437862349955,143.2318400156847,53229,Dedo indice
555.4158415841584,350362.33,588.9765666302897,3541,51.06476280175988,164.51053818253115,56097,Dedo indice
536.7722772277227,325478.02,567.6754929944877,3776,53.50271021172666,149.33692775218114,54214,Dedo indice
475.8019801980198,250007.76,497.5263165336728,2691,39.39098881724093,105.96314086854228,48056,Dedo indice
556.5148514851485,351842.5,590.2193752250845,3517,52.214461598296694,160.26664052543865,56208,Dedo indice
525.4653465346535,302802.62,547.5441299634448,3203,45.33486517019765,128.91442015488673,53072,Dedo indice
433.41584158415844,194845.27,439.2221635014461,2500,33.08292611000424,56.29095186746398,43775,Dedo indice
544.2475247524752,328065.03,569.9270667253298,2974,45.75784085815239,139.37319870600916,54969,Dedo indice
486.4752475247525,260618.88,507.97489608198646,3120,48.345837463012266,111.18498186452304,49134,Dedo indice
456.5742574257426,229822.92,477.0193345605128,2865,39.95735226463335,104.46485638662878,46114,Dedo indice
462.029702970297,233318.23,480.63307055887395,2473,33.911207586873104,110.67130673463389,46665,Dedo indice
448.66336633663366,218508.09,465.12863120254855,3036,43.07783652877661,103.857857072836,45315,Dedo indice
412.7227722772277,191108.53,434.9900761358053,2303,36.004860782955404,104.5464170179394,41685,Dedo indice
435.56435643564356,210563.9,456.59512580719814,2712,39.75047169531451,113.40574453484949,43992,Dedo indice
453.6930693069307,217088.09,463.6148217758973,2769,35.028131551654305,78.44564258406038,45823,Dedo indice
416.03960396039605,195764.96,440.2575303947758,2684,36.29655631048213,109.9384374080973,42020,Dedo indice
430.26732673267327,200883.19,445.9756131502624,2719,37.616352826928875,100.57504166258211,43457,Dedo indice
491.8712871287129,274544.65,521.3697211563152,3226,47.04954835064838,131.3514361337124,49679,Dedo indice
490.2475247524753,270147.67,517.1778616627547,3188,46.26856384198671,139.1108714831879,49515,Dedo indice
461.33663366336634,236214.37,483.6068794603589,2669,38.93700039807894,109.6218017841388,46595,Dedo indice
437.5742574257426,206390.39,452.04747625894254,2830,39.65829043214041,90.50151945887659,44195,Dedo indice
434.38613861386136,207214.79,452.9493993989191,2757,37.01256543391717,103.48848152141949,43873,Dedo indice
512.3861386138614,298346.15,543.4999795057698,4189,59.7125614925369,153.87236545436724,51751,Dedo indice
468.9504950495049,229495.56,476.67948008349725,1782,26.697190863459774,66.4907362023331,47364,Dedo indice
487.1188118811881,261722.83,509.04961924304115,2301,35.346994214501464,124.9624546613077,49199,Dedo indice
428.4757281553398,193820.14705882352,438.1077470876912,1608,22.84774841955192,64.5171081157508,44133,Dedo indice
490.5742574257426,266541.78,513.7146605609456,1977,31.55138665732459,126.98264875992557,49548,Dedo indice
479.5049504950495,252128.34,499.6318842928063,2012,33.239434411553994,105.95706303303596,48430,Dedo indice
472.53465346534654,244032.98,491.545330443885,1832,31.227551937351734,102.30957749240274,47726,Dedo indice
457.5247524752475,228352.68,475.4910749701172,1896,29.282759432813023,107.12439956866976,46210,Dedo indice
460.8910891089109,233658.12,480.98302804498906,2181,35.172005913794564,101.27046368003137,46550,Dedo indice
432.8811881188119,204588.87,450.0702585416663,1990,33.25417267050858,91.66277815900402,43721,Dedo indice
459.8333333333333,229564.40594059406,476.7743433845868,1960,26.67108049280091,96.64052287581701,46903,Dedo indice
447.64356435643566,211023.92,457.09361651353845,1820,24.906625624520075,77.32202725223019,45212,Dedo indice
447.9306930693069,211676.43,457.79976382953305,1501,22.823452850083836,70.10332320360752,45241,Dedo indice
461.41584158415844,232606.61,479.8995460066885,2153,32.126468838015796,109.82727183609447,46603,Dedo indice
447.65346534653463,215783.55,462.2197304398859,1541,26.780403282997813,83.67120870502893,45213,Dedo indice
491.26732673267327,261389.1,508.7249641101868,2278,34.583522087838304,109.8306048426625,49618,Dedo indice
477.3272727272727,251290.01834862385,499.00457276097546,2374,36.752831757591615,118.41619834710744,52506,Dedo indice
436.35643564356434,201395.4,446.5438233125769,1618,25.3009881229963,65.11910597000292,44072,Dedo indice
478.44554455445547,242226.09,489.7221782614997,1973,26.547504590827366,86.60425448485442,48323,Dedo indice
423.2475247524753,185920.8,429.0454521376494,1392,19.610201426808445,53.19929418684445,42748,Dedo indice
501.0990099009901,267830.91,514.95545323055,2044,27.885480092693403,100.04038819723557,50611,Dedo indice
491.7722772277228,254296.23,501.77529387620757,1945,28.345899174307384,78.51073424174099,49669,Dedo indice
443.91089108910893,204059.57,449.48768416701006,1606,22.502888703453163,52.576610136261166,44835,Dedo indice
498.86138613861385,265831.53,513.0297600076094,2324,32.76644625222577,97.0861680227429,50385,Dedo indice
485.53465346534654,255994.09,503.4476090414026,2411,39.35314472821708,103.9858837368885,49039,Dedo indice
460.7524752475247,222063.96,468.89797070438794,1560,21.241468875762806,65.88961866483676,46536,Dedo indice
511.66336633663366,287955.72,533.9519390987608,2758,44.83570006144657,119.79100088226645,51678,Dedo indice
464.54455445544556,226192.03,473.2362041840153,1833,29.18338568432388,66.76384668169786,46919,Dedo indice
487.66336633663366,250444.04,497.96023539998043,1815,24.073844728252276,79.3290853837859,49254,Dedo indice
469.980198019802,235290.56,482.66028477082045,1891,28.440639936541512,83.65336731692972,47468,Dedo indice
473.6237623762376,236232.28,483.6252128814765,1947,30.610945754745963,74.55523968238406,47836,Dedo indice
528.2376237623762,308458.68,552.6342675435232,2558,41.718101586721325,132.4538770708754,53352,Dedo indice
507.6237623762376,275639.0,522.4077918543128,2211,33.756628978616924,97.32986962062546,51270,Dedo indice
519.980198019802,296491.72,541.8082302954077,2329,34.124917582318055,123.14126066071955,52518,Dedo indice
530.6039603960396,304897.97,549.4353266926161,2421,38.3493155088849,120.90814626017058,53591,Dedo indice
495.64356435643566,273655.06,520.5243548196338,2415,41.378134322368865,125.69689246152336,50060,Dedo indice
475.8712871287129,246113.09,493.63582399646936,2155,33.73173579879933,96.00941084207436,48063,Dedo indice
498.55445544554453,267236.38,514.3835876537321,2357,34.71354202613153,101.92588961866485,50354,Dedo indice
473.8910891089109,236281.99,483.6760944645038,1551,24.045165834321043,71.84687775708262,47863,Dedo indice
499.48514851485146,268588.6,515.6833397839152,1851,28.27879063892231,105.52514459366729,50448,Dedo indice
476.44554455445547,246155.21,493.67806281317615,2163,37.763871623550465,98.53406528771687,48121,Dedo indice
496.07,264509.16161616164,511.72655784119706,2069,30.021709316809897,96.71799999999999,49607,Dedo indice
452.3069306930693,220330.89,467.0646593776968,2009,32.48399605959833,84.8854033918243,45683,Dedo indice
514.3564356435644,293900.6,539.4355318935776,2325,41.409056980327385,130.53367316929712,51950,Dedo indice
442.3267326732673,209508.21,455.4490874808387,1755,28.71114766079545,71.32300754827959,44675,Dedo indice
479.8811881188119,245166.36,492.68546791744296,2041,27.379371797029968,90.04274090775417,48468,Dedo indice
535.8613861386139,322882.94,565.4078874652536,2703,41.81710176470866,149.00421527301242,54122,Dedo indice
479.0693069306931,243143.7,490.64889343976245,1980,26.660832695172893,75.6249387314969,48386,Dedo indice
577.2376237623762,374511.15,608.936054780698,3056,43.656156495962854,162.9687285560239,58301,Dedo indice
521.7227722772277,302482.7,547.2548051704783,2699,42.88997551876196,128.95676894422115,52694,Dedo indice
513.2079207920792,286137.76,532.2637625005925,2260,31.93242865802725,109.19086364081954,51834,Dedo indice
503.970297029703,275984.53,522.7351240360553,2205,33.193523464676055,112.11724340750914,50901,Dedo indice
491.8818181818182,259219.6605504587,506.816651444897,2128,29.32919765118687,91.32115702479344,54107,Dedo indice
538.0297029702971,316524.83,559.8132910105647,2592,39.02101997641784,127.00970493088919,54341,Dedo indice
490.7029702970297,258156.29,505.5692703564101,2117,31.738777544196626,99.00225468091358,49561,Dedo indice
485.8217821782178,254093.54,501.57528086642947,2130,30.13137899267141,90.63346730712674,49068,Dedo indice
542.2574257425742,327708.76,569.6175197550381,2825,44.54447215985391,141.51494951475348,54768,Dedo indice
540.2970297029703,334259.1,575.2821950663831,2982,47.96311082488291,159.42750710714643,54570,Dedo indice
534.4653465346535,321526.93,564.2193678433106,2421,35.41002682856933,145.29987256151355,53981,Dedo indice
506.8910891089109,285607.84,531.7706644823127,2525,46.586371397652336,129.64885795510241,51196,Dedo indice
495.1188118811881,269112.51,516.1860417552671,2035,33.15886005278227,111.29340260758747,50007,Dedo indice
532.1188118811881,309506.22,553.5718580095976,2675,41.28861828639946,126.62817370845994,53744,Dedo indice
438.0495049504951,203202.13,448.5423366002058,1791,27.439205527857396,66.9279482403686,44243,Dedo indice
501.5049504950495,271532.04,518.5013056496541,2549,37.52719014261526,107.59062836976769,50652,Dedo indice
466.0,232510.88,479.8007837417608,2025,31.046577911261007,91.60396039603961,47066,Dedo indice
460.7920792079208,229096.68,476.2650480978044,1772,26.90278795961489,89.11694931869421,46540,Dedo indice
492.96039603960395,261136.87,508.47945527390146,2356,37.079374320503305,97.45162238996173,49789,Dedo indice
474.48514851485146,238022.59,485.4543549017449,1939,27.546869150594954,84.41446916968926,47923,Dedo indice
467.9306930693069,230507.17,477.72891977781626,1785,27.26774651488458,69.266150377414,47261,Dedo indice
504.45544554455444,274615.78,521.4372559389942,2427,42.13869955278639,105.10106852269386,50950,Dedo indice
488.2277227722772,252840.35,500.33686671883356,2119,38.85215566735004,85.4416233702578,49311,Dedo indice
423.0,184521.29,427.4275921541021,1507,18.666279757894984,46.73267326732673,42723,Dedo indice
471.36633663366337,234101.3,481.43895287620285,1992,26.975915183733804,82.78835408293305,47608,Dedo indice
470.6039603960396,238508.41,485.9495247389994,2229,34.27520970030672,98.15567101264583,47531,Dedo indice
471.7722772277228,237858.81,485.2873090007895,1924,28.166291910721938,89.09028526615037,47649,Dedo indice
456.3762376237624,220876.34,467.6424334302379,1814,26.292964838526675,70.92755612194884,46094,Dedo indice
493.1470588235294,259297.49504950494,506.7103341605518,2200,30.381729788649213,95.51787773933104,50301,Dedo indice
443.1089108910891,208094.32,453.9096608335405,1662,23.595762331401797,69.5874914224096,44754,Dedo indice
512.6336633663366,290970.24,536.7395518635211,2629,41.445265109539356,129.533771198902,51776,Dedo indice
490.9009900990099,259516.49,506.89941783551126,2293,32.87932481058576,105.783550632291,49581,Dedo indice
457.2277227722772,217357.02,463.90189727681616,1618,22.067623342806993,58.46054308401138,46180,Dedo indice
499.3267326732673,270223.38,517.2503272015389,2437,37.49279930866726,107.26556219978434,50432,Dedo indice
453.26732673267327,223171.18,470.06548943358484,1989,34.912032309792565,89.604940692089,45780,Dedo indice
486.1485148514852,256317.27,503.76529778015157,2052,30.810063291074233,108.42368395255372,49101,Dedo indice
472.1287128712871,233233.95,480.5462547666947,1910,28.221268575313903,73.17557102244879,47685,Dedo indice
468.2475247524753,234233.07,481.5744290274031,1922,29.20992981847098,93.1947848250172,47293,Dedo indice
433.6237623762376,195844.64,440.34711780414307,1609,21.086251444958158,55.34477012057639,43796,Dedo indice
483.53465346534654,252328.37,499.8300404206721,2251,34.08298695830517,107.13302617390455,48837,Dedo indice
473.2970297029703,237561.03,484.9834436288103,1920,27.684652788142387,84.84736790510735,47803,Dedo indice
460.94059405940595,224308.41,471.2616413983482,1553,21.745114393812695,77.90138221742968,46555,Dedo indice
515.5742574257425,294494.05,539.979876779434,2755,41.88782639383428,126.84403489853932,52073,Dedo indice
461.8514851485148,226702.15,473.76953707200903,1808,25.846082875360437,72.79737280658759,46647,Dedo indice
492.34653465346537,258194.33,505.60651745705326,2290,34.266309985173486,93.89236349377511,49727,Dedo indice
506.8910891089109,283100.86,529.4316586568268,2516,38.178789923202125,125.5563180080384,51196,Dedo indice
436.4257425742574,203134.03,448.46716934486744,1732,26.676956348129373,73.53769238309968,44079,Dedo indice
470.18811881188117,234622.53,481.9746203416372,2105,30.18691769624716,86.0205862170375,47489,Dedo indice
481.72727272727275,249027.98165137615,496.7535514811051,2525,34.10708984920366,95.74214876033055,52990,Dedo indice
489.5742574257426,266974.57,514.1315565356231,2385,38.29738894493984,122.98009999019708,49447,Dedo indice
463.2277227722772,226868.3,473.9431181143163,1860,25.703307180205428,76.9889226546417,46786,Dedo indice
483.46534653465346,251503.82,499.0127084236601,2263,35.384883778246326,100.82462503676106,48830,Dedo indice
508.4257425742574,283082.59,529.4145748647348,2585,38.86347900021304,121.16733653563375,51351,Dedo indice
513.4554455445544,294388.97,539.8835316276765,2982,46.192423621195715,131.17498284481917,51859,Dedo indice
463.91089108910893,226718.77,473.78690326239524,1765,23.86063704095094,74.89167728654053,46855,Dedo indice
501.1287128712871,265965.86,513.1593657466123,2145,34.65155119182978,90.04430938143315,50614,Dedo indice
526.6831683168317,307286.81,551.5835080353959,2774,45.03398716525109,131.8839329477502,53195,Dedo indice
488.6039603960396,264820.05,512.052799335118,2513,39.726942998423624,124.18782472306636,49349,Dedo indice
461.96039603960395,226023.06,473.05941267539754,1801,27.048659855896744,76.77600235271052,46658,Dedo indice
463.5049504950495,225752.94,472.7766516826287,1998,27.443031902470253,71.72904617194392,46814,Dedo indice
485.8217821782178,251784.46,499.29104193291454,1941,26.754251998514178,93.72532104695618,49068,Dedo indice
442.26732673267327,205010.01,450.5332484076975,1674,23.252956801232827,60.21488089403001,44669,Dedo indice
506.64356435643566,278056.21,524.6934135453024,2308,35.90626686248516,114.60347024801496,51171,Dedo indice
506.5940594059406,283138.1,529.4664790855485,2591,40.796936159471585,128.609940201941,51166,Dedo indice
439.43564356435644,204384.07,449.84493477923553,1713,24.208882667318623,66.6607195373003,44383,Dedo indice
487.96039603960395,259263.2,506.65198867049,2379,32.468292224876876,109.07773747671793,49284,Dedo indice
469.87,238850.75757575757,486.27384260311595,2317,34.69069679963844,98.63799999999998,46987,Dedo indice
446.6039603960396,210105.25,456.0975772792484,1639,24.861415888882917,69.45887658072739,45107,Dedo indice
484.9306930693069,252995.68,500.49053165592227,2111,31.52887565391446,103.19792177237528,48978,Dedo indice
475.7920792079208,244712.15,492.2288669163386,2136,33.726547407050134,100.1392020390158,48055,Dedo indice
475.81188118811883,245299.17,492.8188971077861,2010,35.59887638676255,91.54867169885306,48057,Dedo indice
501.05940594059405,270324.95,517.3475285980737,2117,32.03794625128147,105.30653857464952,50607,Dedo indice
498.4257425742574,264633.61,511.872518550786,2154,32.854527846249745,93.95098519752968,50341,Dedo indice
491.8514851485148,257096.43,504.5303963014312,1974,28.484381685407882,93.31673365356338,49677,Dedo indice
489.8019801980198,257525.8,504.95152203351205,1961,30.73255602776964,93.51965493579063,49470,Dedo indice
474.019801980198,237504.24,484.925471460602,1890,25.427937391774428,79.13675129889228,47876,Dedo indice
555.3564356435644,341509.99,581.4883515344886,3027,47.14138309383805,145.38947162042933,56091,Dedo indice
516.4752475247525,293952.54,539.4831960421762,2739,44.189930979805794,123.6468973630036,52164,Dedo indice
507.96039603960395,281858.28,528.2684960892482,2268,35.99666651233139,103.1149887265954,51304,Dedo indice
528.4356435643564,305111.9,549.6280470454632,2653,41.47059198998731,124.0123517302225,53372,Dedo indice
491.42727272727274,253798.15596330276,501.4886838204826,1862,24.487405487779544,77.58000000000001,54057,Dedo indice
540.5544554455446,320752.54,563.5395037415103,2950,48.4924736428242,125.59807861974318,54596,Dedo indice
566.7425742574258,361788.57,598.50355466822,2993,45.79661559547823,169.14871091069503,57241,Dedo indice
502.7524752475247,267140.48,514.2912839553819,1806,26.298288917722385,84.12704636800314,50778,Dedo indice
514.019801980198,278150.32,524.7821990460839,2211,30.372520474929306,89.27262033134004,51916,Dedo indice
511.25742574257424,282721.33,529.0766569325197,2509,38.64776837024358,110.02470346044507,51637,Dedo indice
500.9306930693069,279233.5,525.8030162343956,2385,38.92544155176663,124.55190667581607,50594,Dedo indice
502.2277227722772,271157.19,518.1432865014606,1932,29.18527025744322,96.42819331438093,50725,Dedo indice
522.9306930693069,299238.7,544.3123557242288,2701,44.16095560560256,123.66905205372024,52816,Dedo indice
487.84158415841586,261705.54,509.0328044827798,2243,39.39505045053249,109.26654249583375,49272,Dedo indice
473.92,235991.53535353535,483.35454895966376,1761,25.12815636739477,71.59440000000002,47392,Dedo indice
522.7821782178218,297778.41,542.9826046116865,2468,36.18867226080559,120.14665228899126,52801,Dedo indice
527.7128712871287,300808.43,545.7381503183292,2438,35.975547250875834,114.41976276835604,53299,Dedo indice
472.019801980198,236922.18,484.33089498976227,2123,32.225610932921036,83.92883050681307,47674,Dedo indice
489.990099009901,261823.65,509.14765700498253,2260,34.94481363521631,100.7393392804627,49489,Dedo indice
488.53465346534654,254543.1,502.0187957508451,2290,33.20692698820534,89.44476031761594,49342,Dedo indice
489.9306930693069,258946.57,506.3425150767585,2010,28.64506938375259,106.50622487991372,49483,Dedo indice
476.05940594059405,240009.8,487.47663056451705,2236,41.242453855220596,77.07714929908832,48082,Dedo indice
496.43564356435644,268198.02,515.3082514955548,2116,29.359495908479083,109.07048328595239,50140,Dedo indice
541.2970297029703,314145.45,557.7052079816908,2669,38.38867020359002,116.09332418390353,54671,Dedo indice
481.1980198019802,249458.49,496.9794804218742,1937,30.419894805866768,105.02303695716101,48601,Dedo indice
466.41584158415844,232031.0,479.3053967632084,1887,26.38730755495907,84.37506126850313,47108,Dedo indice
508.7227722772277,281559.95,527.9888518925113,2599,38.92903800506763,118.62778159004019,51381,Dedo indice
533.6732673267327,316351.23,559.6597534252043,2750,40.617976315912145,140.0874424076071,53901,Dedo indice
500.5742574257426,274042.02,520.8922467010498,2366,37.944169512587834,114.66032741888054,50558,Dedo indice
480.5247524752475,244197.35,491.710844354124,1797,27.784708024379167,81.80707773747672,48533,Dedo indice
502.1188118811881,273728.8,520.5944812052718,2568,37.527589850668534,112.65268110969512,50714,Dedo indice
476.3960396039604,251771.56,499.2782513561228,2152,34.71253375943623,106.28703068326634,48116,Dedo indice
507.26732673267327,278121.8,524.7552942199642,2240,31.983745871926885,113.69061856680719,51234,Dedo indice
484.76237623762376,250364.97,497.8816213829258,1973,27.725259241348855,94.58053132045879,48961,Dedo indice
435.4752475247525,200122.59,445.13051818295025,1717,25.349753450477582,66.14390746005293,43983,Dedo indice
485.2277227722772,252127.58,499.63113126258725,2185,34.508694556589646,95.75845505342612,49008,Dedo indice
490.9805825242718,261450.48039215687,508.83408515310003,2453,35.764068944276744,109.39183711942692,50571,Dedo indice
472.18811881188117,236538.79,483.93886161598783,1747,25.71711492372346,78.37094402509558,47691,Dedo indice
506.4752475247525,272990.38,519.8918204304574,2153,31.18060294477963,94.96814037839432,51154,Dedo indice
529.2673267326733,301730.64,546.5740644421322,2337,34.49159317862833,115.65630820507796,53456,Dedo indice
471.23762376237624,240394.21,487.86685612668003,1942,29.335643848397126,86.00019605920984,47595,Dedo indice
528.2574257425742,303806.8,548.4512848751365,2456,38.36951915257735,120.9701009704931,53354,Dedo indice
542.5247524752475,328609.91,570.4001635121202,2848,45.59034985608248,143.79374571120474,54795,Dedo indice
437.05940594059405,195070.31,439.4757340196148,1420,18.939376969689366,33.19125575923928,44143,Dedo indice
502.009900990099,267307.67,514.4521935087269,2144,33.969103609015065,92.03254582884028,50703,Dedo indice
466.8019801980198,230462.21,477.6823274317295,1924,27.92203430984211,89.09557886481721,47147,Dedo indice
466.9504950495049,236219.84,483.61247885364816,2041,31.795125412553414,88.70071561611606,47162,Dedo indice
481.74257425742576,246685.0,494.20903902845174,2283,32.90911727773931,87.61376335653364,48656,Dedo indice
482.61386138613864,259899.64,507.2734728306062,2734,41.724812761712904,120.1821390059798,48744,Dedo indice
452.0990099009901,214312.96,460.641997113757,1552,23.387603554019808,70.36898343299679,45662,Dedo indice
455.8712871287129,224690.61,471.66296281884325,2052,31.047705229211385,86.81168512890893,46043,Dedo indice
543.7524752475248,333899.91,574.9730170164768,2813,43.96418997320433,153.05283795706308,54919,Dedo indice
506.3960396039604,275707.82,522.4730037082877,2276,35.4902803595576,99.61827271836093,51146,Dedo indice
446.13861386138615,207238.04,452.9748096945588,1524,21.651789764358973,54.403881972355656,45060,Dedo indice
519.1188118811881,288788.21,534.7232188638149,2474,35.22839763599815,106.86579747083617,52431,Dedo indice
513.6534653465346,287490.03,533.5200034294927,2525,44.679637420194,111.23634937751198,51879,Dedo indice
473.77450980392155,235837.05940594058,483.24417365608144,1643,24.631341220019458,68.50326797385618,48325,Dedo indice
521.4554455445544,295626.05,541.016690505885,2443,39.04881560303718,116.0588177629644,52667,Dedo indice
515.8811881188119,290154.14,535.9863120758527,2490,40.97926304852248,115.44868150181355,52104,Dedo indice
455.8514851485148,218202.23,464.8029817903368,1683,26.536578528514184,63.13773159494168,46041,Dedo indice
498.03960396039605,267609.4,514.7424618002657,2030,29.280710373896326,108.09136359180472,50302,Dedo indice
461.81188118811883,224697.21,471.66989001685795,1615,25.395078263317085,68.77639447113029,46643,Dedo indice
477.2772277227723,238389.07,485.82793474461494,1988,26.792163033245377,76.78698166846388,48205,Dedo indice
487.8910891089109,260380.29,507.74232374968767,1979,30.348805577814755,101.61611606705222,49277,Dedo indice
513.2178217821782,277486.29,524.1554168279662,1844,25.097410224961457,88.03411430251936,51835,Dedo indice
517.6138613861386,293188.41,538.7815461348371,2264,35.174138226827964,121.9705911185178,52279,Dedo indice
483.4752475247525,248649.39,496.17286791146205,1946,27.4921807065209,82.3919223605529,48831,Dedo indice
529.9009900990098,313995.44,557.5720350389048,2673,42.52728535893162,145.66865993530047,53520,Dedo indice
469.34653465346537,234147.08,481.48602480155944,1703,25.11553304232263,79.6555239682384,47404,Dedo indice
524.960396039604,299427.97,544.4844686799279,2331,32.4316203727165,121.41986079796102,53021,Dedo indice
466.48514851485146,231459.03,478.71427431782683,1859,26.14555411537495,78.79129497108124,47115,Dedo indice
515.7128712871287,284107.93,530.3724919318685,2145,32.49230678175989,104.18488383491814,52087,Dedo indice
501.43564356435644,266488.51,513.6633234921393,2284,32.854527846249745,95.67218900107837,50645,Dedo indice
462.8019801980198,227046.99,474.12972908266363,1963,28.248008779381248,72.52563474169199,46743,Dedo indice
520.4059405940594,296963.91,542.2394980701117,2611,42.64891557824185,119.08930497010093,52561,Dedo indice
499.36633663366337,270303.62,517.3271175326628,2305,33.44323548940802,112.76325850406825,50436,Dedo indice
457.2909090909091,221218.95412844035,468.1964040093353,2104,28.480477781787634,73.26479338842977,50302,Dedo indice
321.65671641791045,107831.02255639098,327.148763459127,1492,16.601929410474433,50.62129650256182,43102,Dedo indice
399.76237623762376,225010.02,471.9980911188116,1897,31.876166645316687,203.41319478482507,40376,Dedo indice
411.5049504950495,201663.78,446.8412569480252,2006,31.34038927645922,150.1940986177826,41562,Dedo indice
313.5181818181818,103009.20183486238,319.48826980885315,794,11.142941156385907,45.079669421487594,34487,Dedo indice
336.4854368932039,126709.58823529411,354.2307130363662,1320,26.96620979278021,79.25836553869357,34658,Dedo indice
263.74257425742576,73238.9,269.28379523513405,674,8.62554346113913,37.3398686403294,26638,Dedo indice
381.970297029703,157514.09,394.91080582133407,1546,22.847319317591726,87.0969512792864,38579,Dedo indice
450.0792079207921,208243.46,454.07228891923853,1468,20.140009930484144,50.82207626703265,45458,Dedo indice
1233.4455445544554,1927947.06,1381.6144452225174,2337,108.99545862099026,581.4380943044798,124578,Dedo indice
1101.970297029703,1426664.67,1188.5029563394964,3391,45.61414254373308,389.1306734633858,111299,Dedo indice
488.6732673267327,267081.48,514.2344882550091,2385,38.92467083996986,119.74433879031469,49356,Dedo indice
458.1980198019802,237529.92,484.9516868862932,2418,37.49533304292682,124.7734535829821,46278,Dedo indice
429.53465346534654,204141.81,449.57825120928175,2075,33.082170424565554,109.06577786491518,43383,Dedo indice
397.8712871287129,182899.19,425.5447178977705,1857,34.84350728615017,105.37574747573773,40185,Dedo indice
434.96039603960395,217554.63,464.11272742985216,2475,37.575923142352735,136.0480345064209,43931,Dedo indice
426.46534653465346,214729.99,461.0899592216789,2135,36.67546864049592,144.20154886775808,43073,Dedo indice
461.6039603960396,228644.22,475.79451010029965,1744,27.99749988838289,83.41927262033136,46622,Dedo indice
430.48514851485146,204090.11,449.5213185618499,1917,31.17579189050376,100.24703460445055,43479,Dedo indice
395.4257425742574,173868.74,414.9063356068845,1832,28.30688962072661,93.61395941574357,39938,Dedo indice
458.3267326732673,236612.45,484.01420689402033,2494,37.39679130620701,127.20654837761005,46291,Dedo indice
424.1287128712871,207091.05,452.8141379908057,2318,39.90012531308643,130.01999803940788,42837,Dedo indice
346.3069306930693,128743.87,357.02825969077264,1478,24.302263269086687,62.781884129006954,34977,Dedo indice
443.029702970297,229730.44,476.9233493844884,2688,46.039113805545824,145.64336829722578,44746,Dedo indice
439.8712871287129,215721.01,462.15274359873877,2289,34.14893849009073,114.1013626115087,44427,Dedo indice
384.3069306930693,172080.89,412.7676329508907,1692,27.708121553075372,110.65385746495446,38815,Dedo indice
439.2277227722772,219124.14,465.7838490753044,2346,40.58103005099797,128.11940005881777,44362,Dedo indice
389.2079207920792,173186.26,414.09122733336847,1782,28.886675128854826,98.57445348495249,39310,Dedo indice
471.6831683168317,253918.66,501.4026464443383,2639,42.493411253981485,135.6723850602882,47640,Dedo indice
404.8811881188119,179014.05,421.0007525686461,1790,28.03854489805061,87.25164199588276,40893,Dedo indice
401.3960396039604,173227.71,414.14077818830623,1700,25.919876542915866,76.90951867463973,40541,Dedo indice
418.9009900990099,192912.05,437.0377897882176,2038,31.61676770322988,99.45279874522103,42309,Dedo indice
488.1485148514852,271606.15,518.5720588288766,2516,40.623146111545815,146.3980001960592,49303,Dedo indice
397.980198019802,176359.84,417.8680449260233,1759,29.4120723513322,92.1317517890403,40196,Dedo indice
455.7821782178218,242061.52,489.5557897595827,2496,40.20174125582125,147.82727183609452,46034,Dedo indice
478.1782178217822,268623.02,515.7163814914297,2678,44.14136382125047,167.3171257719831,48296,Dedo indice
402.63366336633663,183784.9,426.5738476802727,2105,35.98847037594124,109.1720419566709,40666,Dedo indice
440.3762376237624,218606.22,465.2330620024742,1938,27.433191575170397,118.31349867660035,44478,Dedo indice
427.8910891089109,212131.93,458.29206174816744,2458,36.20082871979591,137.05224977943337,43217,Dedo indice
419.20183486238534,196220.97222222222,440.93171786174986,2264,36.62775713298035,97.99175153606598,45693,Dedo indice
448.83168316831683,226977.38,474.0570421456903,1957,28.04228949283564,124.01097931575337,45332,Dedo indice
455.65346534653463,225794.01,472.81965456458585,2287,37.575923142352735,106.0292128222723,46021,Dedo indice
371.54455445544556,144981.08,378.8741529352144,1423,21.228047484401387,52.4668169787276,37526,Dedo indice
429.1287128712871,208464.68,454.31340863695266,2219,32.73331636116328,123.70257817860991,43342,Dedo indice
428.7029702970297,212498.65,458.68802357408134,2079,34.79008479437783,136.66130771492985,43299,Dedo indice
391.4059405940594,168550.48,408.51152170573675,1796,28.993792439072195,90.8869718655034,39532,Dedo indice
462.7920792079208,246808.82,494.33305404032177,2293,39.58674020426537,145.21341044995586,46742,Dedo indice
453.4257425742574,236705.8,484.10967581512125,2554,39.83013934196063,139.45593569257917,45796,Dedo indice
412.03960396039605,196193.04,440.73862396375625,2454,41.67541241547587,129.03950593079108,41616,Dedo indice
411.05940594059405,185252.61,428.2737742876328,1668,32.38332904443273,81.22399764728948,41517,Dedo indice
420.15841584158414,196489.0,441.07092894050004,2131,32.87537072034321,107.50044113322225,42436,Dedo indice
389.34653465346537,167214.82,406.8896997010028,1895,30.67816813305514,90.6905205372022,39324,Dedo indice
417.81188118811883,190964.37,434.8259808973773,1769,27.251605457293703,97.6712087050289,42199,Dedo indice
380.24271844660194,155825.85294117648,392.8269091884163,1570,26.931285109460685,67.32434725233294,39165,Dedo indice
422.8712871287129,201863.38,447.06233645126866,2347,36.77703087526235,123.16361141064603,42710,Dedo indice
404.4059405940594,183562.19,426.3153088668731,2220,35.283423870140496,107.12459562787959,40845,Dedo indice
416.7029702970297,200823.67,445.90953884356765,2284,38.92865268667797,119.60435251445932,42087,Dedo indice
395.6039603960396,176260.98,417.7509087748083,1810,29.146183283579344,102.27487501225373,39956,Dedo indice
415.5940594059406,192618.31,436.70493244272154,2305,38.47063815431192,101.80982256641502,41975,Dedo indice
391.66336633663366,169321.64,409.44497569125434,1509,31.27315142418493,81.65826879717675,39558,Dedo indice
414.48514851485146,185834.15,428.9454603102731,2119,34.77657257407636,87.73335947456133,41863,Dedo indice
403.68,185781.0303030303,428.86270530322406,2309,39.91695925748398,109.38640000000001,40368,Dedo indice
366.9306930693069,147557.34,382.225556756248,1743,27.29670309762701,78.11763552592885,37060,Dedo indice
643.960396039604,546562.1,735.629386348456,2841,77.62956910868435,337.6170963631016,65040,Dedo indice
1020.7326732673267,1052968.36,1021.0499158675199,834,12.924395537122809,20.628957945299486,103094,Dedo indice
1030.2376237623762,1076131.36,1032.2192567761008,896,16.924538398432023,60.13155572983039,104054,Dedo indice
580.3069306930693,395215.09,625.5414209362405,1433,19.509741156663253,202.28997157141458,58611,Dedo indice
332.63366336633663,118183.24,342.0717891187332,1160,18.20109886792553,52.68169787275757,33596,Dedo indice
346.5940594059406,125009.1,351.8115776074088,1104,18.99052395275075,50.86854229977451,35006,Dedo indice
367.3069306930693,143984.3,377.56948085258045,1405,19.512303810672897,68.5032839917655,37098,Dedo indice
351.9207920792079,127748.4,355.645278833328,1028,14.977316181479244,37.251838055092634,35544,Dedo indice
390.45544554455444,155400.2,392.2519396490167,872,11.117553687749837,31.779629448093328,39436,Dedo indice
393.0990099009901,157985.53,395.5013487103213,700,9.4424573072903,34.370944025095575,39703,Dedo indice
472.0495049504951,234523.63,481.87302670038105,1288,17.499142836150575,74.53700617586513,47677,Dedo indice
453.53465346534654,214242.49,460.56625715278227,1252,15.902201105507375,63.37476717968825,45807,Dedo indice
436.34653465346537,196309.53,440.8694492558185,1187,17.45479876710127,47.57788452112537,44071,Dedo indice
727.8019801980198,589251.96,763.8178985715233,1869,28.76056327682057,214.01764532888933,73508,Dedo indice
690.940594059406,533603.31,726.8563193031282,1417,20.33051893090779,217.03499656896375,69785,Dedo indice
366.029702970297,137590.11,369.0905467269086,988,13.961375290421785,37.80119596118028,36969,Dedo indice
366.3762376237624,142512.92,375.6353297948677,955,14.08935768585637,49.006764042740905,37004,Dedo indice
479.46534653465346,239007.5,486.4576950865418,1549,19.86076534275555,65.02950691108714,48426,Dedo indice
451.51485148514854,206948.39,452.6581447843438,1027,14.279705879323986,27.116361141064605,45603,Dedo indice
442.96039603960395,198482.71,443.3029829061218,1039,14.404513181638594,13.705715125968046,44739,Dedo indice
453.43564356435644,207783.39,453.5704231019383,809,10.387011119662866,8.513086952259584,45797,Dedo indice
477.2970297029703,231550.19,478.8085357023057,895,11.592670097954137,30.411332222331133,48207,Dedo indice
380.34653465346537,146210.37,380.4769934887751,619,8.62496376803984,7.940986177825704,38415,Dedo indice
365.55445544554453,135049.27,365.6667178112488,631,8.474078120952155,7.4159396137633555,36921,Dedo indice
368.84158415841586,137614.37,369.1230844652614,666,8.581375181169975,11.985883736888546,37253,Dedo indice
370.45544554455444,138887.72,370.82690579218485,923,12.55109556971024,13.000098029604933,37416,Dedo indice
381.23762376237624,146916.93,381.3952109435737,646,8.039900496896712,9.155572983040878,38505,Dedo indice
634.039603960396,438857.72,659.1756928614752,1447,25.587692353942355,169.42848740319567,64038,Dedo indice
462.38613861386136,216390.83,462.86968634233705,993,12.189749792346026,16.586609155965093,46701,Dedo indice
475.55445544554453,228764.87,475.92002614633554,967,12.594840213357214,15.54788746201353,48031,Dedo indice
467.6039603960396,221000.62,467.7739785938343,729,9.192932067626737,10.357023821194002,47228,Dedo indice
473.2178217821782,226380.13,473.4329335547512,846,10.758252646224664,11.346142535045578,47795,Dedo indice
466.51485148514854,220022.88,466.738080344388,861,11.478240283248997,11.650426428781495,47118,Dedo indice
480.58415841584156,233492.83,480.81287399775414,978,12.912009913255178,11.307714929908833,48539,Dedo indice
471.2277227722772,224444.64,471.40472615533264,913,11.719641632746285,10.71698853053622,47594,Dedo indice
473.990099009901,227074.45,474.1583998188916,792,10.544192714475585,9.931183217331634,47873,Dedo indice
543.2574257425742,308967.61,553.0899788935569,1620,40.55958579670162,71.35025977845311,54869,Dedo indice
559.1584158415842,316500.83,559.7920671247866,2281,27.903942373793708,20.84364278011959,56475,Dedo indice
537.5940594059406,292384.65,538.0425192075878,1917,22.4390284994694,17.566513086952266,54297,Dedo indice
521.9702970297029,275661.63,522.4292362901343,2302,27.819058215547123,17.41907656112146,52719,Dedo indice
520.4455445544554,274028.19,520.8791026754293,2601,32.014215592452054,17.417900205862175,52565,Dedo indice
537.2178217821782,292029.01,537.7151975380334,2094,24.652788888886384,18.065875894520143,54259,Dedo indice
536.1287128712871,291513.37,537.2402619032764,2042,25.251534606831324,29.27595333790805,54149,Dedo indice
516.2574257425742,269757.76,516.8044998731231,2169,26.54562110782115,17.992353690814628,52142,Dedo indice
509.3960396039604,262461.61,509.76757468283506,2381,27.962653665201376,15.743162435055387,51449,Dedo indice
512.3168316831683,265408.56,512.6214514388249,2123,24.755403450560042,14.393882952651705,51744,Dedo indice
513.3564356435644,266570.91,513.7427313932587,2330,28.047459778026244,15.651406724830894,51849,Dedo indice
532.1683168316831,286682.21,532.7699055663971,2302,28.38626428398073,19.962160572492888,53749,Dedo indice
530.9702970297029,285418.56,531.5944259144995,2411,30.09401933939699,22.445838643270267,53628,Dedo indice
537.980198019802,292831.4,538.4534141482629,2396,30.073908957766033,20.1411626311146,54336,Dedo indice
535.4257425742575,290062.1,535.9012950346379,2495,30.805356677045634,19.728457994314283,54078,Dedo indice
534.960396039604,289585.85,535.4611688687954,2491,31.84320963722093,20.125477894324078,54031,Dedo indice
531.3564356435644,285707.89,531.8637974236459,2481,31.038202267528316,20.905989608861876,53667,Dedo indice
526.990099009901,281113.24,527.5698442804132,2232,28.29840984931839,21.455151455739628,53226,Dedo indice
1348.8019801980197,2321917.37,1516.221649070119,3195,116.57679872084324,668.3619253014407,136229,Dedo indice
1260.069306930693,1772750.75,1324.8391458498793,2014,26.568778669709303,387.49299088324676,127267,Dedo indice
522.6336633663366,291810.56,537.5140431045996,2136,35.10213668710211,103.49416723850604,52786,Dedo indice
398.84158415841586,175983.01,417.4213745849583,2109,34.33059859658727,100.93833937849229,40283,Dedo indice
388.03960396039605,168040.48,407.8930164531959,1691,24.783663974481254,100.15390647975694,39192,Dedo indice
433.4403669724771,217307.13888888888,464.0188524325752,2594,41.68088646245778,132.49591785203268,47245,Dedo indice
424.5742574257426,205865.0,451.4717407250063,2361,40.25555862238158,126.02333104597588,42882,Dedo indice
374.5049504950495,157219.19,394.5409539660435,2059,34.27170844880658,97.00676404274093,37825,Dedo indice
406.73267326732673,182372.02,424.9310019704888,2157,34.253612948125635,93.14224095676896,41080,Dedo indice
345.56435643564356,132769.12,362.5666480213338,1625,28.734126052483308,83.91706695422015,34902,Dedo indice
427.55445544554453,196897.69,441.5293964401375,2286,34.57831690525148,88.81050877364964,43183,Dedo indice
398.8712871287129,174394.12,415.5327249983501,1898,29.18698340013918,96.64621115576902,40286,Dedo indice
383.7029702970297,164156.96,403.1521345154412,2022,30.27143868401368,102.10097049308887,38754,Dedo indice
465.94059405940595,245136.7,492.65566469938824,2544,40.01824583861716,131.50769532398783,47060,Dedo indice
412.48514851485146,184088.97,426.926582600209,2196,33.22167966855379,86.81227330653859,41661,Dedo indice
382.7524752475247,163151.86,401.9160298489038,1959,34.09706732257189,98.11724340750901,38658,Dedo indice
343.55445544554453,124348.73,350.88111156835663,1317,18.862926602200414,54.13743750612685,34699,Dedo indice
329.2970297029703,115785.01,338.5832597196386,1190,16.715860731652437,61.350455837663,33259,Dedo indice
389.0,165768.07,405.12566196206086,1783,26.97795396244867,91.9009900990099,39289,Dedo indice
374.8811881188119,154761.65,391.4452151139972,1714,26.19351064672317,87.62552690912655,37863,Dedo indice
363.81188118811883,149124.25,384.2496223514445,1736,32.93630216038224,94.81599843152637,36745,Dedo indice
390.71287128712873,159563.92,397.4721112328773,1483,21.198348992315417,56.8552102735026,39462,Dedo indice
374.25,145484.33333333334,379.51217371778733,1251,18.569824550554692,47.51,37425,Dedo indice
391.81188118811883,166960.43,406.58007383004343,1684,26.349573051569543,84.94226056268997,39573,Dedo indice
404.2772277227723,181318.8,423.7022118852292,1935,32.57069234756916,90.58994216253309,40832,Dedo indice
429.8019801980198,201215.44,446.34427062615254,1733,26.372902760219628,92.08940299970597,43410,Dedo indice
479.6732673267327,246436.13,493.9596828859939,2065,32.19642837334601,96.07411038133515,48447,Dedo indice
412.7227722772277,184810.79,427.7627615840582,1848,26.0660698993922,94.16900303891775,41685,Dedo indice
413.66336633663366,195665.88,440.1461053552626,2295,36.59959016163979,122.27958043329085,41780,Dedo indice
406.2277227722772,183780.23,426.5684279952939,1861,30.049126443209627,107.25085775904327,41029,Dedo indice
455.13861386138615,223476.83,470.3872746140268,1950,31.253159840246553,92.4930889128517,45969,Dedo indice
392.54455445544556,169203.49,409.30209860296594,1809,28.18137682938859,90.91677286540536,39647,Dedo indice
448.53465346534654,222438.4,469.2931275908059,2488,34.86201371120148,114.52328203117347,45302,Dedo indice
397.8514851485148,177258.21,418.9309945776533,1929,30.088037490005892,97.53377119890207,40183,Dedo indice
431.16831683168317,200267.36,445.2914942500981,1714,25.407085625864294,85.56004313302617,43548,Dedo indice
398.2156862745098,174144.198019802,415.25522508546993,2182,31.111425426669346,94.98231449442527,40618,Dedo indice
445.4752475247525,222197.49,469.03892679764346,2554,37.673863619225465,114.48348201156755,44993,Dedo indice
386.53465346534654,168873.86,408.90321786965484,2225,34.096480756817115,110.15488677580626,39040,Dedo indice
414.9207920792079,190090.35,433.82976768167106,2024,37.38636114948873,99.55357317910004,41907,Dedo indice
364.37142857142857,146226.64423076922,380.57063670731293,1920,30.726460658777228,72.6378231292517,38259,Dedo indice
399.08910891089107,178553.04,420.4583072301127,2136,31.793710069760653,106.51602784040786,40308,Dedo indice
372.2178217821782,149900.56,385.2484860964465,1444,24.957964660604837,75.43495735712182,37594,Dedo indice
411.2079207920792,182533.72,425.11934259163576,1723,23.822048610478486,84.77913930006865,41532,Dedo indice
428.8910891089109,206895.18,452.5999479355771,2468,37.478527185576546,113.81374375061266,43318,Dedo indice
413.63366336633663,192504.03,436.575365206227,2312,34.56211799065561,111.09812763454558,41777,Dedo indice
374.73267326732673,164905.24,404.0699380694945,1939,34.78922246903486,115.79315753357515,37848,Dedo indice
368.48514851485146,147581.37,382.25667857714626,1794,26.69569253643741,76.06881678266835,37217,Dedo indice
426.7227722772277,195641.19,440.1183346724509,1860,26.32641259267962,88.35604352514459,43099,Dedo indice
433.53465346534654,209711.13,455.66959760139565,2507,36.0068049124051,112.4836780707774,43787,Dedo indice
450.54455445544556,238902.95,486.3512868878068,2653,45.500659335882155,150.6613077149299,45505,Dedo indice
397.71287128712873,173955.29,415.00959072778016,1777,29.457257170347685,92.40819527497305,40169,Dedo indice
396.8811881188119,176854.21,418.45331665291144,1795,26.40814268364968,102.63209489265759,40085,Dedo indice
414.8712871287129,190774.58,434.6098512140253,2324,32.13782817802099,106.04705421037157,41902,Dedo indice
427.8910891089109,207457.53,453.2146236050917,2515,38.93468890334171,124.66091559651012,43217,Dedo indice
387.1485148514852,165856.66,405.2339014094023,1812,28.289574051229543,80.62836976766984,39102,Dedo indice
481.9504950495049,259859.81,507.23460114039875,2437,40.73413801714724,135.02342907558082,48677,Dedo indice
419.76237623762376,207481.54,453.2408491373352,2509,44.109522781367744,140.91618468777568,42396,Dedo indice
353.3168316831683,138196.29,369.90270328964897,1684,27.94208295743179,78.81639054994605,35685,Dedo indice
444.44554455445547,226892.21,473.96809225437056,2437,35.90389950966329,139.6251347907068,44889,Dedo indice
412.7029702970297,192944.87,437.074964682805,2309,36.58838613549387,120.96265072051756,41683,Dedo indice
396.1089108910891,166928.59,406.5413037849516,1668,25.53938135507593,64.86383687873739,40007,Dedo indice
448.66336633663366,237015.47,484.42624018339245,2629,44.69977628579365,148.55661209685326,45315,Dedo indice
395.970297029703,179060.35,421.0551926381205,2201,39.975867720413525,103.4433879031468,39993,Dedo indice
419.34653465346537,202854.16,448.15812273158343,1987,32.30309582687084,118.90912655621996,42354,Dedo indice
425.18811881188117,201771.28,446.96033890542844,2210,32.640159313336696,116.47975688657975,42944,Dedo indice
381.51485148514854,155918.23,392.9051859526861,1543,23.988955792197377,68.99205960199983,38533,Dedo indice
436.74257425742576,215343.13,461.747788085639,2298,42.10463157421046,122.78208018821681,44111,Dedo indice
384.029702970297,163932.21,402.87605887156064,1655,27.95406947118791,86.22409567689445,38787,Dedo indice
454.35643564356434,239015.04,486.46536819741397,2398,39.173715677734734,149.70061758651107,45890,Dedo indice
421.9724770642202,203740.02777777778,449.30040419635634,2374,33.81567683782183,126.95396010436829,45995,Dedo indice
393.4257425742574,173442.54,414.39749894118916,1856,29.156817384618645,94.54504460347027,39736,Dedo indice
452.36633663366337,229951.95,477.1532227909626,2597,38.217142750341765,126.466228801098,45689,Dedo indice
393.76237623762376,173240.36,414.15589928297663,1960,30.628091680677723,107.09165768061953,39770,Dedo indice
385.1764705882353,159890.0198019802,397.8975629332697,1673,25.162245803214507,74.22606689734718,39288,Dedo indice
431.7029702970297,203904.48,449.31684117377154,2176,33.19277029715959,103.93235957259095,43602,Dedo indice
390.8811881188119,174262.53,415.3759242130453,2057,37.92057489015693,102.53877070875403,39479,Dedo indice
371.63366336633663,151802.85,387.6852479591511,1649,21.511624764298954,86.83736888540335,37535,Dedo indice
412.38613861386136,194661.87,439.015403775853,2523,44.05757596600158,118.26252328203117,41651,Dedo indice
374.8811881188119,151987.65,387.92115407925127,1737,25.005799327356044,66.70757768846194,37863,Dedo indice
389.54455445544556,171302.64,411.83318741624714,1661,24.611176322963516,109.34535829820608,39344,Dedo indice
443.6237623762376,235791.46,483.17376904081715,2870,46.551906513052714,159.02558572688957,44806,Dedo indice
380.13861386138615,160070.92,398.10307635829764,1622,25.748398008419866,87.70257817860991,38394,Dedo indice
447.7029702970297,220348.34,467.0831545531553,2284,35.609549281056616,110.25350455837665,45218,Dedo indice
