MAV_total,VAR_total,RMS_total,Wav_Leng,Dasdv,Damv,iav,Mano_pinza
459.4901960784314,214123.22772277228,460.4606176342955,2081,26.966242189481687,24.33294886582084,46868,Mano pinza
459.4059405940594,214243.36,460.56719228996474,2165,27.546506130542216,26.98853053622194,46400,Mano pinza
464.589552238806,218875.24060150376,466.0920974266589,3135,30.757968586675997,27.817999554466475,62255,Mano pinza
480.08910891089107,233575.79,480.8982828164825,2030,24.941531628991832,22.07763944711303,48489,Mano pinza
494.9504950495049,249147.74,496.6698407323212,2192,27.546324618721822,33.94412312518381,49990,Mano pinza
480.009900990099,234402.73,481.74880476352934,2316,29.454710998412462,30.96088618762866,48481,Mano pinza
476.0792079207921,230359.14,477.5754981525367,2572,31.198397394738084,31.165964121164595,48084,Mano pinza
465.76237623762376,221960.86,468.7891079395641,2310,29.026195065836653,41.44613273208509,47042,Mano pinza
500.81188118811883,254667.58,502.1415326497911,2647,31.840069095402416,30.9795118125674,50582,Mano pinza
469.990099009901,224480.93,471.4428348534459,2366,31.462676300658213,30.326830702872268,47469,Mano pinza
473.8545454545455,227660.71559633026,474.96428573869923,2564,29.743860672522356,25.101157024793388,52124,Mano pinza
488.26732673267327,242421.55,489.9197246832009,2565,32.44518454254807,30.787373786883645,49315,Mano pinza
478.2277227722772,231971.03,479.24345288038404,1776,22.619902740728133,25.238113910400934,48301,Mano pinza
496.56435643564356,250342.83,497.85960683591503,2298,30.03298186993759,29.06499362807568,50153,Mano pinza
489.8514851485148,243511.01,491.01935796971395,2150,27.07249526733729,27.419468679541225,49475,Mano pinza
518.0990099009902,273254.16,520.1429354199927,2197,28.146935890075138,38.05038721693952,52328,Mano pinza
489.5247524752475,243767.4,491.2777843401212,2729,34.824847451209315,32.20370551906676,49442,Mano pinza
486.81188118811883,240933.64,488.41392119373666,2497,30.339578111766816,32.16155278894226,49168,Mano pinza
462.63366336633663,217091.54,463.6185056831545,1814,23.72635665246563,24.11057739437309,46726,Mano pinza
472.94059405940595,228094.23,475.22191793637705,2507,32.09470361290161,38.433879031467505,47767,Mano pinza
473.13,228125.28282828283,475.2305019672033,2376,32.34473401006442,35.430800000000005,47313,Mano pinza
456.3168316831683,210984.22,457.0506179043331,1994,25.861941149109438,20.934810312714436,46088,Mano pinza
474.96039603960395,230114.19,477.32151814386947,2397,30.5081956201936,39.11557690422508,47971,Mano pinza
477.9009900990099,231871.54,479.1406705532498,2172,27.59963767878122,28.155474953435935,48268,Mano pinza
480.4752475247525,234965.28,482.32653989710013,2723,37.18803571042709,32.743848642289976,48528,Mano pinza
463.28712871287127,218761.84,465.3986261132695,2354,29.869717106126064,34.991667483580045,46792,Mano pinza
449.7,205054.11926605506,450.7660046067038,2701,31.098393716446502,25.507272727272728,49467,Mano pinza
449.83168316831683,205417.79,450.9810977136952,2102,26.324133414036634,25.26242525242623,45433,Mano pinza
441.0495049504951,197131.24,441.79117866312635,1993,25.715170619694515,20.66875796490541,44546,Mano pinza
457.26732673267327,212399.62,458.58113073407907,2217,28.875422074837278,27.262817370845994,46184,Mano pinza
454.33663366336634,209779.84,455.74423954800363,2456,30.95254432191318,28.775610234290756,45888,Mano pinza
457.3267326732673,212201.76,458.3674862762928,2075,26.21964912045926,24.904225075972956,46190,Mano pinza
459.4752475247525,215228.89,461.6252927332829,2832,36.62048606995816,36.033918243309486,46407,Mano pinza
473.980198019802,228014.42,475.1387707661294,2336,29.398639424299894,26.355063229095197,47872,Mano pinza
449.990099009901,205601.15,451.1823301609948,2199,29.971820098218927,25.929026566022934,45449,Mano pinza
470.3168316831683,224437.0,471.39670287895365,2515,30.150787717736332,24.58994216253308,47502,Mano pinza
463.36633663366337,217707.12,464.27535359999035,2345,29.521686943669057,22.61680227428683,46800,Mano pinza
458.9306930693069,213631.38,459.9089233987336,2323,29.437561040276417,24.51857661013626,46352,Mano pinza
482.1287128712871,235832.01,483.2153139170575,2454,31.638900107304615,25.228703068326638,48695,Mano pinza
445.1287128712871,200985.84,446.0895439125634,2140,27.72940677331558,22.991667483580038,44958,Mano pinza
441.7227722772277,197965.86,442.72542504378265,2379,29.119581040942194,25.06107244387805,44614,Mano pinza
457.8712871287129,212533.63,458.72577498290127,2421,29.99616642172796,23.035780805803356,46245,Mano pinza
430.48039215686276,188298.64356435643,431.80154982511647,2285,27.875785297289728,27.508650519031143,43909,Mano pinza
430.38613861386136,188293.73,431.77475104916033,2374,29.0678516578023,26.962846779727474,43469,Mano pinza
423.2970297029703,182881.85,425.52454525427953,2659,33.34531451343652,35.70963631016568,42753,Mano pinza
408.8811881188119,169916.95,410.1641183238681,2413,30.919734798345214,26.867758062935014,41297,Mano pinza
432.1287128712871,190204.41,433.9599037005631,2686,34.7439203314767,31.27144397608077,43645,Mano pinza
406.0693069306931,167301.37,406.99498865720597,2168,27.49509047084588,22.567787471816487,41013,Mano pinza
400.41584158415844,163174.76,401.94423533225563,2513,31.27283165944523,29.28948142338987,40442,Mano pinza
920.9702970297029,935548.22,962.4372012430908,5132,94.40497868227078,237.86393490834226,93018,Mano pinza
807.7425742574258,668816.64,813.753459635845,2930,43.66692111885151,67.94647583570237,81582,Mano pinza
814.7128712871287,673621.76,816.6714379870049,2765,37.89683364082018,42.945985687677684,82286,Mano pinza
892.7425742574258,806905.43,893.8211607065099,2769,34.09090787878786,34.022938927556126,90167,Mano pinza
739.1089108910891,557006.58,742.6248469896066,2826,36.724923417210825,60.25075972943829,74650,Mano pinza
586.6930693069307,352569.64,590.8289528155747,3311,41.76374025395714,55.64278011959612,59256,Mano pinza
553.2970297029703,311840.73,555.6556469791358,3197,39.45212288331263,40.685815116165074,55883,Mano pinza
475.46534653465346,229734.38,476.9274391123013,2239,28.467349718581108,30.20978335457309,48022,Mano pinza
483.51485148514854,238379.93,485.8186211676816,2610,32.9796907201993,34.53132045877856,48835,Mano pinza
477.61386138613864,231639.55,478.9009178409568,2390,32.256472218765644,29.064601509655912,48239,Mano pinza
490.6039603960396,244878.23,492.3958702805162,2702,34.25901341253131,33.99980394079011,49551,Mano pinza
506.0,260372.56,507.73478693249507,2825,34.866172717979815,34.0990099009901,51106,Mano pinza
506.86138613861385,261274.87,508.61379267476605,2716,35.40310720826634,31.711008724634837,51193,Mano pinza
514.7821782178218,268768.17,515.855695916892,2758,34.718582920390055,25.969414763258506,51993,Mano pinza
523.1782178217821,278147.29,524.7793407096392,2869,38.62369738903825,32.889324576021956,52841,Mano pinza
497.7821782178218,252326.28,499.82797040581875,2967,37.30804202849568,36.76149397117929,50276,Mano pinza
522.7722772277227,278409.54,525.0266754184878,3073,39.37448412360472,38.32624252524262,52800,Mano pinza
500.9306930693069,256047.58,503.5002040173813,3115,38.30417731788532,41.5155376923831,50594,Mano pinza
509.3267326732673,265127.2,512.3496640165013,3012,38.34605585976216,45.31359670620529,51442,Mano pinza
529.8415841584158,286034.92,532.1681041636269,2892,37.1973117308227,41.08440348985393,53514,Mano pinza
506.3168316831683,261368.46,508.7048785546945,2247,28.507718253132783,40.18037447309087,51138,Mano pinza
519.5841584158416,275612.28,522.3824705563486,3337,40.4293210430252,42.38211940005881,52478,Mano pinza
521.1980198019802,276559.53,523.2793869738069,2474,31.61012496020856,36.76227820801883,52641,Mano pinza
528.7425742574258,283630.51,529.9266808990776,2592,32.02217981337311,28.49250073522205,53403,Mano pinza
520.3564356435644,275464.14,522.2420629145337,2810,34.10131962256006,36.55935692579158,52556,Mano pinza
517.5841584158416,273900.06,520.7573122077325,2894,35.23861518277925,42.362317419860794,52276,Mano pinza
575.3366336633663,337274.91,577.8715726313637,2916,36.55543735205475,46.3666307224782,58109,Mano pinza
658.009900990099,443409.31,662.5851785332065,3961,51.49242662761195,63.653955494559376,66459,Mano pinza
653.7524752475248,437181.87,657.9159039221224,3941,50.836896050014694,57.22517400254877,66029,Mano pinza
585.981981981982,350137.07272727275,589.0523615814511,3786,44.37710302315004,46.935476016557104,65044,Mano pinza
554.8118811881188,313907.54,557.493986115057,3324,43.801598144359986,42.54759337319871,56036,Mano pinza
561.9207920792079,322165.58,564.7794452546748,2918,38.403385267447455,47.402019409861786,56754,Mano pinza
583.3762376237623,345918.51,585.2295056278568,3041,41.66593332687989,34.191745907264,58921,Mano pinza
579.2079207920792,342513.64,582.3421810598852,3583,44.02964910148615,48.507009116753245,58500,Mano pinza
578.3366336633663,339666.98,579.9171842548377,2949,37.65089640367145,34.44544652485051,58412,Mano pinza
548.5544554455446,306455.24,550.8366633612638,3512,44.74796084739505,38.98911871385158,55404,Mano pinza
543.7058823529412,299838.7920792079,544.8845713345455,2844,34.65873227301133,29.048442906574394,55458,Mano pinza
555.7821782178218,314111.0,557.6746274477707,3009,37.411094611090974,37.23419272620331,56134,Mano pinza
532.8811881188119,288705.33,534.6464826276692,2592,33.52252973747655,32.62915400450937,53821,Mano pinza
527.5148514851485,284327.57,530.5774642260585,3365,43.603325561245896,46.9850014704441,53279,Mano pinza
554.6633663366337,313653.97,557.2687728094181,3207,40.71866893698761,44.056072934026076,56021,Mano pinza
572.6831683168317,333750.83,574.844645392678,3265,42.99569745916445,41.29555925889618,57841,Mano pinza
593.7524752475248,362625.19,599.1951615159776,3232,43.989316884898315,64.87854131947847,59969,Mano pinza
641.4257425742575,418803.4,643.9385309819318,3921,49.38694159390719,45.74825997451231,64784,Mano pinza
593.059405940594,359254.03,596.403436782469,3707,46.358710076963966,48.53759435349476,59899,Mano pinza
607.9009900990098,378932.12,612.5196460781345,3851,48.95375368651519,59.9872561513577,61398,Mano pinza
730.3366336633663,572830.8,753.0997330505382,3016,50.286379865725074,173.30281344966187,73764,Mano pinza
859.5742574257425,747688.59,860.3985894184551,2655,33.187497645950955,30.167042446818932,86817,Mano pinza
863.9306930693069,755268.89,864.7490851096749,2624,32.87734782490826,30.48171747867856,87257,Mano pinza
864.9207920792079,757058.27,865.7728591058723,3105,38.05009855440587,31.837662974218215,87357,Mano pinza
841.7623762376238,716636.98,842.3429018852332,2188,28.03711825420009,25.349867660033333,85018,Mano pinza
839.4455445544554,712497.84,839.9067840782059,2176,27.134111372956365,21.587491422409567,84784,Mano pinza
870.9009900990098,767311.57,871.6159852495675,2463,30.681101675135462,28.494069208901088,87961,Mano pinza
856.2673267326733,741716.83,856.9557158977942,2577,31.62767775224732,27.488481521419473,86483,Mano pinza
855.0792079207921,740607.55,856.3146629482634,2790,35.45222136904823,38.532300754827965,86363,Mano pinza
870.6534653465346,767361.3,871.6442298130222,2730,34.43718920004942,33.742182139005976,87936,Mano pinza
860.4356435643564,749620.4,861.5093823294,2524,31.937125731662203,35.390451916478774,86904,Mano pinza
682.0297029702971,484101.09,692.3207420704583,2477,32.21164385746248,103.72257621801788,68885,Mano pinza
616.2376237623762,392254.5,623.1940244251448,2979,37.04929149120129,81.53651602784038,62240,Mano pinza
494.55445544554453,249146.82,496.66892373288283,2749,34.279002319204096,36.55112243897657,49950,Mano pinza
511.2277227722772,267535.8,514.6716727128755,2712,33.646396538113855,48.06352318400156,51634,Mano pinza
510.6237623762376,264537.99,511.78003280725795,2386,30.094517773175898,28.540927360062742,51573,Mano pinza
542.950495049505,298796.02,543.9095913516845,2495,31.468555734256377,27.160866581707687,54838,Mano pinza
558.1584158415842,316247.54,559.5680264611477,2680,33.68263647638053,31.511812567395353,56374,Mano pinza
736.0,562654.52,746.3803877168242,3040,45.353059433736114,113.94059405940594,74336,Mano pinza
832.3564356435644,700860.14,833.0191658617882,2355,29.69124450069414,25.886089599058913,84068,Mano pinza
835.2970297029703,705722.49,835.9037855003777,2568,32.385181796618035,25.226350357808066,84365,Mano pinza
848.1782178217821,727627.46,848.7774901131463,2517,31.779081169851338,25.639643172238014,85666,Mano pinza
1165.2178217821781,1451414.97,1198.7679194708521,3031,63.05450023590703,277.95647485540627,117687,Mano pinza
791.1584158415842,723678.59,846.4711781540731,2944,36.613931774667414,255.6806195471032,79907,Mano pinza
480.009900990099,234349.99,481.69460560536373,2830,34.02969291662797,34.12861484168219,48481,Mano pinza
464.6930693069307,219863.86,466.56938401379267,2760,34.845946679635496,33.30006862072346,46934,Mano pinza
455.0990099009901,210908.37,456.96845440011685,2760,34.90988398720339,33.83060484266248,45965,Mano pinza
459.2156862745098,214809.46534653465,461.1978861574264,2786,38.5214354625968,34.63590926566706,46840,Mano pinza
441.61386138613864,198587.75,443.4202686543155,2740,33.17800476219147,32.36251347907067,44603,Mano pinza
468.009900990099,223364.19,470.26871399906736,2894,37.46972110918361,35.87197333594746,47269,Mano pinza
475.51485148514854,230567.51,477.7914433791554,2636,33.13336686785694,35.075580825409276,48027,Mano pinza
449.23762376237624,206044.05,451.6680306386429,2868,36.259619413336374,37.29418684442702,45373,Mano pinza
454.43564356435644,210509.72,456.536378995732,2761,35.975686233899694,35.0151945887658,45898,Mano pinza
470.8019801980198,226298.01,473.3470562320678,3032,39.52695282968319,40.10116655229879,47551,Mano pinza
476.81188118811883,232755.0,480.0525961282836,2966,36.956731457205464,43.779041270463686,48158,Mano pinza
526.3663366336634,284424.07,530.667494858136,3476,42.516584999268225,55.47750220566611,53163,Mano pinza
503.7524752475247,258255.75,505.666651437721,2774,33.584222486161565,32.849132437996275,50879,Mano pinza
499.8811881188119,254318.16,501.79692946035607,2449,31.968578323097198,33.83570238211939,50488,Mano pinza
493.61386138613864,248127.47,495.6518560201683,2867,34.27054128548308,37.75767081658662,49855,Mano pinza
476.08910891089107,230924.83,478.1615266252132,2769,33.43874997663639,33.62180178413882,48085,Mano pinza
456.45544554455444,212095.18,458.25236248466007,2603,33.37409174794124,31.140476423880006,46102,Mano pinza
476.0495049504951,230700.65,477.9293725525926,2823,37.370175273873144,35.07675718066857,48081,Mano pinza
461.08910891089107,216351.72,462.82785543047885,2858,35.23918273740184,32.455249485344574,46570,Mano pinza
448.7524752475247,204881.86,450.3924141597783,2680,33.047238916435965,31.24497598274679,45324,Mano pinza
462.25742574257424,217357.7,463.9026229332579,2558,32.799390238234615,32.51230271542006,46688,Mano pinza
453.6237623762376,209610.76,455.56054036823036,2906,35.65445273735105,34.417017939417704,45816,Mano pinza
422.7524752475247,181901.64,424.38265004988875,2517,31.957941110152888,29.319282423291835,42698,Mano pinza
439.990099009901,197050.83,441.70106597467964,2406,31.096302030948955,30.34643662386041,44439,Mano pinza
478.26732673267327,233717.51,481.044151037641,3061,39.36661021728948,41.61121458680522,48305,Mano pinza
445.6237623762376,201778.2,446.9680033734003,2588,32.48907508686574,27.26595431820409,45008,Mano pinza
427.41818181818184,186130.8623853211,429.4633437633108,2952,34.70346200639582,33.24859504132232,47016,Mano pinza
455.1980198019802,211178.23,457.26070948162993,2578,31.789935514247272,34.23527105185766,45975,Mano pinza
440.3168316831683,197215.42,441.88549657033093,2751,35.2373381514552,29.592588961866483,44472,Mano pinza
436.8910891089109,193775.16,438.014376544202,2436,30.291582989338806,25.978237427703164,44126,Mano pinza
433.5049504950495,191131.0,435.01564783509355,2456,31.143217560168697,28.56014116263112,43784,Mano pinza
463.7920792079208,219309.31,465.9806119282961,2616,34.21607809203153,36.25291638074698,46843,Mano pinza
456.0495049504951,211797.61,457.9307851197559,2572,32.44009864349984,33.074796588569754,46061,Mano pinza
473.86138613861385,228546.28,475.69259563772323,2908,37.76559280615095,35.22086069993138,47860,Mano pinza
460.980198019802,216267.35,462.7376028689595,2610,33.7262509034135,34.93010489167728,46559,Mano pinza
464.8514851485148,219253.56,465.92138035645814,2379,30.939133795243848,26.081756690520532,46950,Mano pinza
485.1089108910891,239910.12,487.37539153841954,2700,33.66957083183568,37.06911087148319,48996,Mano pinza
482.1089108910891,237424.57,484.8441313279643,2561,33.1244622597862,41.460837172826196,48693,Mano pinza
493.55445544554453,248416.73,495.9406803397374,2851,35.2932004782791,40.81070483285953,49849,Mano pinza
475.18811881188117,233984.46,481.31879474857186,2730,36.244723753947966,47.41417508087441,47994,Mano pinza
538.8316831683169,297355.06,542.5964895712555,2937,36.784099825875856,47.24536810116657,54422,Mano pinza
483.26732673267327,238054.82,485.4872208247694,3107,38.079784663256696,37.90961670424468,48810,Mano pinza
493.6732673267327,248983.37,496.5059799426507,3164,38.423430351804875,42.37035584746593,49861,Mano pinza
463.029702970297,219315.38,465.9870605435943,2874,39.62423500838849,42.248407018919714,46766,Mano pinza
478.2475247524753,233804.93,481.1341078150356,2994,39.399492382516804,42.12606607195374,48303,Mano pinza
490.8910891089109,247598.28,495.12302701569854,3205,44.84540110200822,52.372120380354865,49580,Mano pinza
451.75728155339806,207296.53921568627,453.08272032412657,2597,32.13528388840272,28.016212649637104,46531,Mano pinza
680.9108910891089,517078.22,715.5128466095954,3113,41.63376033941685,192.90402901676308,68772,Mano pinza
565.6831683168317,324064.66,566.4416112980234,2083,25.933183375744676,23.247328693265366,57134,Mano pinza
568.0,327024.56,569.0225769416421,2299,29.093126335957777,27.18811881188119,57368,Mano pinza
516.3861386138614,270574.83,517.5865833724139,2287,28.702787321094792,28.14782864425056,52155,Mano pinza
525.4059405940594,280262.78,526.7712036454717,2213,27.257842908051252,29.222429173610436,53066,Mano pinza
522.7227722772277,276981.17,523.6781284130719,2436,31.159268284091652,25.663954514263306,52795,Mano pinza
531.2970297029703,286138.23,532.2641996394476,2314,28.383445879596792,26.709930398980497,53661,Mano pinza
533.1881188118812,288431.26,534.3926505393716,2556,31.910499839394557,30.129399078521708,53852,Mano pinza
502.8811881188119,256202.59,503.6525892845874,2397,28.747695559818354,22.47642388001175,50791,Mano pinza
519.0990099009902,273241.57,520.1309526655688,2350,29.634776867727552,26.27428683462405,52429,Mano pinza
513.6039603960396,267166.66,514.3164838351522,1970,25.755776051208397,22.3842760513675,51874,Mano pinza
552.0297029702971,309908.33,553.9313411363084,3014,36.817930414405424,36.490148024703466,55755,Mano pinza
537.4455445544554,294027.2,539.5517024382004,2337,31.054629284536627,36.90344083913341,54282,Mano pinza
525.6732673267327,280355.25,526.8580980164817,2120,28.109429023016457,29.036761101852754,53093,Mano pinza
529.4257425742575,284298.58,530.5504147338473,2077,26.16352422744306,27.892363493775118,53472,Mano pinza
503.1454545454545,256599.28440366974,504.2485137671341,2327,27.292671328708018,26.065123966942146,55346,Mano pinza
544.6138613861386,300811.04,545.7405178940694,2441,29.927078039795333,28.54975002450741,55006,Mano pinza
555.8910891089109,322801.49,565.3365684648078,2558,33.266199061509866,65.66434663268309,56145,Mano pinza
522.1089108910891,292831.21,538.4532394638451,2327,29.650463740049666,105.41829232428195,52733,Mano pinza
395.8019801980198,158869.42,396.606171718929,1965,24.791329129354885,19.974316243505537,39976,Mano pinza
418.76237623762376,178979.87,420.96055881662824,2511,32.096884584021545,33.88922654641702,42295,Mano pinza
417.7227722772277,177835.34,419.61243315636625,2447,30.909707213107016,32.06548377610038,42190,Mano pinza
385.5742574257426,150850.41,386.46712872398143,1987,24.790118999310994,20.764042740907755,38943,Mano pinza
402.4752475247525,164947.74,404.1220039287714,2419,29.49423672516378,29.43691794922066,40650,Mano pinza
393.05940594059405,157272.59,394.6079518250543,2292,29.70555503605344,28.11940005881776,39699,Mano pinza
411.4257425742574,172150.58,412.8512066251971,2476,31.078610007527686,28.305264189785312,41554,Mano pinza
406.73267326732673,168259.48,408.1587247070133,2502,31.169857234193422,28.401921380256844,41080,Mano pinza
410.02912621359224,170754.6568627451,411.21386730045253,2287,27.274386461710648,26.10707889527759,42233,Mano pinza
404.03960396039605,165993.9,405.4015244663048,2222,28.542950092798748,27.90059798059014,40808,Mano pinza
406.2970297029703,167972.44,407.81042965409,2181,27.63096089534347,27.21458680521518,41036,Mano pinza
399.53465346534654,162520.19,401.13723238802055,1993,26.288971071534924,28.861876286638577,40353,Mano pinza
408.84158415841586,169721.09,409.92765601788426,2274,30.05361875049326,23.34182923242819,41293,Mano pinza
409.35643564356434,169945.51,410.1985875013696,2027,26.117235688334247,21.05440643074209,41345,Mano pinza
412.6237623762376,173265.21,414.1856019603858,2656,34.20292385162415,29.46162140966572,41675,Mano pinza
441.9313725490196,198841.1188118812,443.7247976825629,1555,18.775115192590683,33.20857362552864,45077,Mano pinza
441.2475247524753,197381.48,442.07149639033736,1083,13.583445807305303,20.695422017449268,44566,Mano pinza
460.73267326732673,215271.82,461.6713288060936,1374,17.05872210923198,25.046171943927064,46534,Mano pinza
464.0792079207921,218396.22,465.0095495665856,1512,19.98449398909064,23.607881580237237,46872,Mano pinza
491.3168316831683,244577.83,492.093758674841,1536,19.667231630303235,22.866189589255956,49623,Mano pinza
505.96039603960395,259311.28,506.69896544611026,1512,19.698223270132765,22.457406136653272,51102,Mano pinza
491.8811881188119,245101.48,492.62027229222645,1280,16.051791177311024,20.647583570238215,49680,Mano pinza
489.28712871287127,242202.66,489.69849281102154,1407,17.14497010787712,16.394667189491223,49418,Mano pinza
503.8811881188119,256898.98,504.33661947411105,1440,17.631222305898138,16.6371924321145,50892,Mano pinza
537.2970297029703,292251.85,537.9203168934342,1472,18.335757415498275,21.731594941672395,54267,Mano pinza
512.5192307692307,266195.98058252427,513.4553572085443,1537,19.473407309277174,25.74297337278106,53302,Mano pinza
548.4059405940594,305435.69,549.9196070858228,2082,27.443760675242743,29.705715125968037,55389,Mano pinza
555.9009900990098,313445.98,557.0839743301234,1901,25.05613697280568,28.884227036565036,56146,Mano pinza
519.3564356435644,273401.27,520.2829295034321,1818,23.17584949899356,24.839525536712088,52455,Mano pinza
505.3069306930693,258466.46,505.87289524011254,1528,18.69438418349211,18.21703754533869,51036,Mano pinza
493.53465346534654,246880.63,494.40496288643044,1526,20.24401146018249,23.34535829820605,49847,Mano pinza
514.3168316831683,269477.52,516.5359868804634,1443,19.31398457077151,37.992941868444255,51946,Mano pinza
534.9009900990098,290569.11,536.3694511424117,1720,22.191439791054567,30.513871189099113,54025,Mano pinza
541.2,297125.871559633,542.6091846557034,2184,26.646169492515302,30.09090909090909,59532,Mano pinza
530.7524752475248,286523.78,532.6226721527062,1397,20.261046369820093,37.66650328399178,53606,Mano pinza
555.4653465346535,312831.92,556.5380258863053,2020,25.864647687529015,28.975590628369766,56102,Mano pinza
571.4752475247525,332042.31,573.3714000333794,1851,23.122499864850255,37.47750220566611,57719,Mano pinza
502.8712871287129,256596.44,504.039563117935,1415,19.511791306797026,26.65130869522596,50790,Mano pinza
524.7227722772277,279102.73,525.6798803774626,1526,20.06688814938679,25.98196255269091,52997,Mano pinza
538.3465346534654,293609.27,539.1681069246886,1655,21.778200109283596,24.976766983629055,54373,Mano pinza
537.3663366336634,293652.2,539.2075226434138,1472,19.79242279257393,38.494069208901074,54274,Mano pinza
507.94059405940595,261484.0,508.81730464376943,1263,16.51817181167456,24.109989216743458,51302,Mano pinza
519.0891089108911,272893.86,519.7999043805793,1688,22.218460792773204,20.561709636310162,52428,Mano pinza
498.1485148514852,251343.71,498.8538447439707,1358,17.4934273371458,22.10155867071856,50313,Mano pinza
506.0990099009901,259448.46,506.8329738349081,1825,23.877395167815102,20.810900892069405,51116,Mano pinza
498.73267326732673,251626.42,499.13431990490363,1353,17.238039331664144,16.093128124693653,50372,Mano pinza
498.6039603960396,252278.75,499.78089258600056,1635,22.015222006602613,27.010489167728654,50359,Mano pinza
464.0792079207921,218009.62,464.59779262378237,1466,18.21647605877712,17.807469855896485,46872,Mano pinza
491.84,244990.84848484848,492.4844566075157,1381,18.882678717691395,19.767199999999995,49184,Mano pinza
487.3069306930693,240324.06,487.79566814536815,1401,18.315294155431957,17.557494363297717,49218,Mano pinza
472.38,225952.64646464647,472.9620703608271,1299,16.401835324749545,19.209600000000005,47238,Mano pinza
494.28712871287127,247459.75,494.98449820711204,1670,21.197169622381193,20.861288109008925,49923,Mano pinza
500.7920792079208,254928.0,502.3982089896814,1825,22.48577328000974,30.094500539162826,50580,Mano pinza
488.4257425742574,242187.73,489.68339943597056,1574,19.180719485983836,28.568571708656023,49331,Mano pinza
472.45544554455444,226147.5,473.18961932990896,1486,18.6392059916725,21.412214488775607,47718,Mano pinza
488.33663366336634,242418.8,489.91694588101984,1618,20.302216627747818,30.79521615527889,49322,Mano pinza
476.56435643564356,230127.39,477.3352082028928,1583,20.150186103358944,22.69385354377021,48133,Mano pinza
474.25742574257424,227619.76,474.7273944169443,1410,18.224159788588334,16.106656210175473,47900,Mano pinza
464.970297029703,218820.64,465.46116810095015,1288,16.112727888225507,17.47436525830801,46962,Mano pinza
489.16831683168317,242154.68,489.6499861236505,1359,17.076592165886026,17.22615429859818,49406,Mano pinza
485.51485148514854,238854.65,486.30212057449177,1418,18.627936010197157,23.72786981668464,49037,Mano pinza
465.8217821782178,219990.34,466.703565255058,1570,20.2,22.568963827075773,47048,Mano pinza
479.16831683168317,232681.28,479.97656708478496,1594,19.554539114998338,22.968728556023915,48396,Mano pinza
476.5247524752475,230239.55,477.45151638155835,1533,20.548235934016333,24.274482893833937,48129,Mano pinza
479.2772277227723,232983.39,480.2880633144824,1656,19.96296571153695,26.107244387805117,48407,Mano pinza
483.55045871559633,237008.2685185185,484.59661651103687,1818,21.572444700830047,26.270179277838572,52707,Mano pinza
474.53465346534654,228482.48,475.62619485024453,1677,20.06315030098713,25.819233408489367,47928,Mano pinza
491.5940594059406,245049.85,492.5683849592726,1313,16.3783393541592,24.54916184687776,49651,Mano pinza
499.0693069306931,252716.48,500.2142907131536,1771,22.315689547939137,27.69650034310362,50406,Mano pinza
463.64356435643566,217565.9,464.12474850865027,1423,18.010274845209885,17.00774433879031,46828,Mano pinza
484.1287128712871,237480.73,484.9014700365058,1327,17.027918252094118,21.96706205273992,48897,Mano pinza
477.43564356435644,230775.01,478.00639003144204,1408,17.556765077883796,19.27418880501912,48221,Mano pinza
474.25742574257424,227897.16,475.0165812634834,1528,20.172258178002778,21.82491912557592,47900,Mano pinza
474.5049504950495,227750.69,474.8639096343997,1482,18.18350901228913,15.114204489755906,47925,Mano pinza
478.0990099009901,231655.78,478.91769482432113,1398,20.038463014912097,22.42270365650426,48288,Mano pinza
479.26732673267327,232809.06,480.1083417333844,1499,19.76233791837393,22.746593471228305,48406,Mano pinza
478.66336633663366,232178.15,479.45735622226465,1695,22.60331834045612,23.16498382511519,48345,Mano pinza
465.8811881188119,219649.48,466.34186244992776,1376,17.608520664723656,15.664542691892951,47054,Mano pinza
475.43564356435644,229370.93,476.55002958038864,1528,18.959957805860224,25.597098323693764,48019,Mano pinza
484.4257425742574,237645.55,485.0697102091371,1531,20.347727145801812,19.3859425546515,48927,Mano pinza
476.08910891089107,229523.89,476.70890094230856,1386,17.529403868928345,19.666699343201643,48085,Mano pinza
491.1287128712871,244482.28,491.9976253665628,1663,20.953997232031888,23.578080580335257,49604,Mano pinza
477.84158415841586,231322.72,478.57329223391054,1620,21.741205118392127,21.592000784236838,48262,Mano pinza
477.5247524752475,230988.52,478.22746151856967,1489,19.190883252211194,21.59925497500245,48230,Mano pinza
467.28712871287127,221025.68,467.80049907059,1542,19.187495928338333,18.289971571414565,47196,Mano pinza
477.54455445544556,231288.54,478.53793418646086,1499,19.91657601095128,24.413096755220078,48232,Mano pinza
463.23762376237624,217179.15,463.7120457634658,1324,16.087883639559305,16.81893931967454,46787,Mano pinza
464.55445544554453,218387.44,465.00020227824837,1428,18.49486415197473,16.680913635918046,46920,Mano pinza
469.16831683168317,223118.8,470.01032219547795,1453,20.312803843881326,22.07097343397706,47386,Mano pinza
459.8514851485148,214512.49,460.8563810563938,1391,18.186533479473212,25.6608175669052,46445,Mano pinza
450.2772277227723,205488.78,451.05901789429106,1363,18.85232081203797,20.37349279482404,45478,Mano pinza
480.6930693069307,234618.96,481.9709534816388,2067,27.75157653179365,28.937555141652776,48550,Mano pinza
463.83168316831683,218490.23,465.1096219129847,1493,19.054920624342678,27.8662876188609,46847,Mano pinza
454.76237623762376,209653.61,455.60710231861873,1617,20.23239975880271,21.21693951573375,45931,Mano pinza
474.2970297029703,228177.34,475.3084876328652,1760,23.0026085477278,24.159200078423673,47904,Mano pinza
441.4752475247525,197434.19,442.1305192356709,1304,17.60908856244411,19.08244289775512,44589,Mano pinza
447.83168316831683,203263.45,448.61000946708646,1375,17.01616878148545,21.526517008136462,45231,Mano pinza
462.39449541284404,216985.34259259258,463.6751571694852,1883,24.408749190342323,27.018096119855226,50401,Mano pinza
458.4752475247525,212945.1,459.16961209695415,1441,19.438364128701778,20.626997353200668,46306,Mano pinza
463.53465346534654,218135.17,464.7315524489209,1246,17.420677369149573,26.20468581511617,46817,Mano pinza
488.029702970297,241264.51,488.749171329474,1644,20.975223479143196,21.4755416135673,49291,Mano pinza
493.13861386138615,249130.85,496.6530055489366,1853,26.286308223103525,38.958925595529855,49807,Mano pinza
478.05940594059405,231548.36,478.8066436257939,1661,21.59097033484137,20.69130477404176,48284,Mano pinza
484.41584158415844,237564.84,484.9873326915736,1664,21.470910553583888,19.37535535731791,48926,Mano pinza
475.990099009901,229727.45,476.9202457351535,1606,20.890189084831185,23.65356337613959,48075,Mano pinza
446.05940594059405,202092.08,447.3155131636189,1501,20.71931466048045,26.437408097245363,45052,Mano pinza
466.9207920792079,221167.81,467.95088385745174,1735,22.996304050868698,25.253014410351927,47159,Mano pinza
472.44554455445547,226028.61,473.0652206306198,1443,17.891618149289908,19.820801882168414,47717,Mano pinza
480.1287128712871,234364.05,481.70905519969847,1782,23.455916098076408,30.142731104793643,48493,Mano pinza
447.25742574257424,202477.35,447.74169312492694,1418,18.268004817165995,16.21135182825213,45173,Mano pinza
433.35643564356434,190685.37,434.5082232128685,1416,18.571483516402235,23.611606705224975,43769,Mano pinza
445.1089108910891,201271.16,446.4060665331776,1559,20.296058730699418,26.09234388785413,44956,Mano pinza
424.83168316831683,182564.78,425.1555102792296,1205,14.568802284333465,13.255759239290269,42908,Mano pinza
437.8910891089109,194507.27,438.8410366471492,1297,16.504847772699996,21.469855896480738,44227,Mano pinza
449.2475247524753,204280.72,449.7311848358543,1488,18.934624369128635,16.690716596412116,45374,Mano pinza
437.4257425742574,193679.2,437.905907882522,1267,16.960837243485358,16.992843838839327,44180,Mano pinza
439.1287128712871,195254.34,439.6829866083873,1272,16.039326669159152,18.382315459268703,44352,Mano pinza
454.05940594059405,209001.46,454.897943074995,1507,19.650190838767955,21.31692971277325,45860,Mano pinza
429.8217821782178,187014.82,430.3059238713916,1410,17.41665869218318,16.815802372316437,43412,Mano pinza
447.13861386138615,202430.97,447.69040973679233,1266,16.330952207388275,16.48152141946868,45161,Mano pinza
445.4257425742574,200919.02,446.0153840085308,1606,19.50640920313116,19.36653269287325,44988,Mano pinza
449.7227722772277,204721.6,450.2162296778588,1295,17.598579488129147,16.57366924811293,45422,Mano pinza
449.980198019802,205234.3,450.77963266736305,1456,20.07336543781336,21.622389961768448,45448,Mano pinza
453.8910891089109,208976.13,454.8703764875666,1477,18.592202666709504,24.778943240858737,45843,Mano pinza
728.3861386138614,642977.27,797.8791627908587,2114,34.15786878597668,305.1532202725224,73567,Mano pinza
663.2673267326733,446047.66,664.5534941106348,1334,17.29566419655516,29.446328791294967,66990,Mano pinza
710.3861386138614,510476.49,710.9305643498053,1524,19.405669274724847,21.203215371042056,71749,Mano pinza
676.0891089108911,462232.23,676.5025301263305,1106,14.866741404894348,18.617194392706605,68285,Mano pinza
646.4356435643564,422342.6,646.6536863723966,1103,14.222165798499187,13.80629350063719,65290,Mano pinza
662.2181818181818,442991.68807339447,662.5439539450125,1464,17.249916899148324,16.70446280991736,72844,Mano pinza
665.8514851485148,448047.49,666.0415724544705,1262,16.174053295324583,12.768944221154785,67251,Mano pinza
656.4356435643564,435957.64,656.9940849983143,1322,16.143109985377663,21.418880501911573,66300,Mano pinza
637.3663366336634,410939.06,637.8639011855456,1202,15.619859154294574,20.212920301931174,64374,Mano pinza
641.1089108910891,415545.84,641.429282736979,1270,16.123895310997277,15.944711302813445,64752,Mano pinza
606.1584158415842,371438.64,606.4330381031118,1263,16.067669401627604,14.627977649250077,61222,Mano pinza
602.2574257425742,366618.12,602.4850517844923,1242,15.80442975877333,13.01303793745711,60828,Mano pinza
584.8217821782179,345864.93,585.1841801966926,1289,17.10818517552344,15.858249191255767,59067,Mano pinza
596.9009900990098,360211.03,597.1972740714879,1163,14.512408483776909,15.319870600921469,60287,Mano pinza
650.9207920792079,429437.35,652.0624932086686,1249,14.765838953476365,31.778257033624147,65743,Mano pinza
684.6039603960396,505216.69,707.2584708255217,1822,26.466960535732092,149.9180472502696,69145,Mano pinza
423.9009900990099,181830.98,424.30021596427065,1175,14.386451960090785,14.65836682678169,42814,Mano pinza
411.0990099009901,171058.59,411.53971933953034,1288,15.78100123566309,15.016763062444861,41521,Mano pinza
425.4752475247525,183156.17,425.843565848138,1106,15.28201557386983,14.61758651112636,42973,Mano pinza
420.0,178646.62,420.56847431085276,1264,16.97056274847714,17.00990099009901,42420,Mano pinza
419.2277227722772,177782.08,419.54959347631194,1174,14.648549416239138,13.297519850995,42342,Mano pinza
416.55445544554453,175714.94,417.103330265789,1102,13.661625086350451,17.301244975982744,42072,Mano pinza
510.5940594059406,332053.42,573.3809923395069,1932,34.382844559460175,173.3879031467503,51570,Mano pinza
778.4653465346535,647323.45,800.5712378862315,1453,18.785366645343924,151.22850700911673,78625,Mano pinza
745.2475247524752,561702.06,745.748384822486,1163,14.587323263710857,22.462699735320065,75270,Mano pinza
636.1192660550458,409831.23148148146,637.2372493244612,1160,13.578305136149002,31.52276744381786,69337,Mano pinza
629.8217821782179,401526.04,630.5160859593237,1034,13.234047000067665,25.535731791000888,63612,Mano pinza
657.3663366336634,436626.2,657.4976565105245,923,12.462343278854101,10.899323595725912,66394,Mano pinza
660.6831683168317,441153.67,660.89773178699,1186,15.138031576133008,13.357906087638469,66729,Mano pinza
649.3861386138614,426233.62,649.6256500081527,975,13.09465539829132,14.345848446230766,65588,Mano pinza
655.5148514851485,434174.61,655.6491832414256,1064,14.440914098491133,10.620135280854816,66207,Mano pinza
655.3267326732673,433878.32,655.425430578876,975,12.382649151130787,9.306734633859426,66188,Mano pinza
652.6039603960396,430328.75,652.7388982640231,965,12.36406082159094,10.68130575433781,65913,Mano pinza
653.1287128712871,431037.9,653.2765096188612,1182,15.052574530624321,11.259288305068129,65966,Mano pinza
659.3564356435644,439290.69,659.5007787923549,1060,13.206059215375342,10.963827075776889,66595,Mano pinza
659.3069306930693,439409.28,659.5897915138673,1051,13.226110539383829,15.804332908538383,66590,Mano pinza
664.0,446179.38,664.6516097748034,1221,14.964959071110083,24.85148514851485,67064,Mano pinza
623.7524752475248,393768.77,624.3957633640148,1071,14.439182802361081,23.027546318988342,62999,Mano pinza
766.3366336633663,643727.68,798.3446239650276,2189,30.847528264027897,193.3441819429467,77400,Mano pinza
484.34653465346537,239905.59,487.3707901882435,2041,26.637379751019054,44.73384962258602,48919,Mano pinza
453.6237623762376,208454.58,454.3024028852662,1400,17.830872104302696,19.74629938241349,45816,Mano pinza
438.73267326732673,195111.32,439.5219274990444,1450,18.242258632088298,21.3828056072934,44312,Mano pinza
438.08910891089107,194300.33,438.6075288414868,1362,17.09151836438179,17.00970493088913,44247,Mano pinza
427.6831683168317,185105.18,428.10332332924554,1213,15.647044449352089,15.937457112047841,43196,Mano pinza
438.03960396039605,194481.94,438.8124613517986,1238,15.984992962150468,21.365160278404076,44242,Mano pinza
444.029702970297,199643.71,444.59761538267435,1263,16.710774967068403,18.72483089893148,44847,Mano pinza
437.41584158415844,193792.39,438.0338496798467,1309,17.03555106241063,18.918341339084403,44179,Mano pinza
424.3762376237624,182316.4,424.8661990894461,1256,16.55294535724685,16.15469071659641,42862,Mano pinza
438.43564356435644,194793.6,439.16392212367526,1409,17.308090593707902,20.266836584648566,44282,Mano pinza
437.990099009901,194133.23,438.4188850994916,1321,17.13913650100261,15.435545534751494,44237,Mano pinza
441.1188118811881,197499.79,442.2039648563245,1676,20.779316639389275,24.75600431330263,44553,Mano pinza
455.029702970297,209437.96,455.3727229772147,1167,16.065802189744527,14.543084011371432,45958,Mano pinza
432.58415841584156,189354.59,432.98936716645585,1251,16.005936398724067,14.64268208999118,43691,Mano pinza
442.58415841584156,198467.99,443.28654434354263,1430,18.038292602128394,20.085089697088517,44701,Mano pinza
436.18811881188117,192695.65,436.79259640844157,1200,15.39155612665594,19.32614449563768,44055,Mano pinza
444.65346534653463,200481.38,445.52936585772227,1270,16.606023003717656,22.713263405548478,44910,Mano pinza
438.03960396039605,194571.4,438.9133747051342,1398,18.73552774810467,22.655425938633467,44242,Mano pinza
456.35643564356434,210703.24,456.74617601785206,1196,15.912259424732868,14.669738260954807,46092,Mano pinza
438.76237623762376,194978.09,439.37184008694294,1293,17.57811138888362,17.474365258308005,44315,Mano pinza
477.0495049504951,231536.52,478.79440181347235,1636,21.3283848427395,32.62327222821291,48182,Mano pinza
449.1485148514852,204286.64,449.7377013326768,1452,18.318296864064628,18.727183609450048,45364,Mano pinza
449.56435643564356,204794.14,450.29598626628325,1414,17.3418568786621,18.925399470640134,45406,Mano pinza
446.3960396039604,202000.04,447.21363977852957,1427,19.028137060679377,21.567885501421422,45086,Mano pinza
426.3267326732673,184225.39,427.084741284003,1280,17.70367193550536,19.114008430546022,43059,Mano pinza
445.7524752475247,201516.95,446.6785563168075,1542,19.587240744933933,22.581707675718064,45021,Mano pinza
431.2970297029703,188476.51,431.98426584841496,1322,16.960542444155493,18.264679933339867,43561,Mano pinza
426.6039603960396,184071.29,426.906080982923,1198,15.134728276384747,12.336045485736692,43087,Mano pinza
441.18811881188117,197031.34,441.6792214418348,1265,15.972789361911714,16.545240662680126,44560,Mano pinza
437.970297029703,194001.63,438.27026111998316,1145,14.239030865898142,12.903048720713656,44235,Mano pinza
425.13513513513516,182731.87272727274,425.5415839135344,1264,14.225457334076694,15.080594107621135,47190,Mano pinza
420.3069306930693,179086.21,421.08559605847455,1215,15.771810295587505,21.001470444074112,42451,Mano pinza
432.9207920792079,190046.27,433.77946443138154,1277,16.06268968759591,21.63964317223801,43725,Mano pinza
423.6930693069307,181720.35,424.1711194952591,1341,17.29768770674277,16.258209979413785,42793,Mano pinza
424.7227722772277,182744.07,425.3642236628243,1412,18.653149868051777,19.47475737672777,42897,Mano pinza
425.9009900990099,183618.96,426.3812267150719,1384,17.084495895401773,16.814822076267035,43016,Mano pinza
414.3168316831683,173791.42,414.81407024266565,1280,16.555965692160637,16.821292030193113,41846,Mano pinza
429.26732673267327,186581.28,429.80686429378886,1441,18.585747227378295,17.419860797960983,43356,Mano pinza
420.6039603960396,179121.65,421.1272590522153,1256,15.382457540978296,16.89540241152828,42481,Mano pinza
419.55445544554453,178220.19,420.0662253304428,1176,15.02131818450032,16.676600333300655,42375,Mano pinza
415.61386138613864,174953.83,416.1990075209048,1304,16.565023392678924,17.186550338202135,41977,Mano pinza
424.4950495049505,182366.9,424.92503706973173,1363,16.56955038617524,15.450642093912364,42874,Mano pinza
421.5049504950495,180037.16,422.2021007306645,1270,16.069225245792033,18.97578668757965,42572,Mano pinza
423.9207920792079,182083.02,424.5941801553363,997,14.020342363865442,20.194098617782565,42816,Mano pinza
433.23762376237624,190256.09,434.0188548169695,1430,19.11334612253961,21.0763650622488,43757,Mano pinza
417.7524752475247,176656.55,418.219410414587,1070,13.555810562264433,16.20566611116557,42193,Mano pinza
449.1862745098039,204114.1485148515,449.5698270700167,1297,16.303130963343232,15.769511726259136,45817,Mano pinza
430.1485148514852,187401.31,430.7503354440348,1444,17.98388167220859,18.79462797764924,43445,Mano pinza
446.3267326732673,202073.53,447.29498318246095,1290,17.26151789385858,24.3497696304284,45079,Mano pinza
449.990099009901,205076.05,450.60580784029617,1316,16.085397104206038,18.344672090971468,45449,Mano pinza
418.3267326732673,177289.35,418.96779100664776,1184,14.921796138535065,18.058425644544652,42251,Mano pinza
