MAV_total,VAR_total,RMS_total,Wav_Leng,Dasdv,Damv,iav,Mano_abierta
266.34653465346537,72001.23,266.9987762793183,1849,23.570108188126756,15.314969120674446,26901,Mano_abierta
250.43564356435644,63558.32,250.85659190655187,1746,20.643643089338664,11.950985197529654,25294,Mano_abierta
249.6846846846847,63088.48181818182,250.04023099716795,1545,17.709011573464256,10.36750263777291,27715,Mano_abierta
251.52475247524754,64186.28,252.09278505587525,1965,24.367396249907376,13.371042054700519,25404,Mano_abierta
260.980198019802,69039.01,261.44876256265695,1689,20.41396580775034,12.29722576218018,26359,Mano_abierta
263.15841584158414,70229.51,263.6933224729661,1819,22.597123710773456,13.79315753357514,26579,Mano_abierta
253.93069306930693,65337.95,254.34433275376983,1529,19.333649422703413,12.003725124987746,25647,Mano_abierta
267.2277227722772,72402.68,267.7420807086145,1666,21.29835674412465,13.849230467601217,26990,Mano_abierta
250.54455445544554,63569.09,250.8778449152235,1335,17.52683656567836,10.215076953239878,25305,Mano_abierta
253.79207920792078,65290.65,254.25225253828543,1854,23.199137915017445,12.985589648073717,25633,Mano_abierta
268.26732673267327,72975.45,268.7990342097218,1654,20.621833090198358,13.17164983825115,27095,Mano_abierta
263.7227722772277,70551.24,264.29663802494184,1809,23.623505243718597,14.211743946671897,26636,Mano_abierta
268.61386138613864,73167.56,269.15261230920885,1655,21.730393461693232,13.494363297715905,27130,Mano_abierta
261.9504950495049,69527.71,262.3724772755008,1576,19.67993902429578,12.586609155965105,26457,Mano_abierta
277.0,77833.06603773584,277.6790489136829,2010,24.0223952115128,15.77570093457944,29639,Mano_abierta
266.28712871287127,71962.35,266.92667810683236,1505,18.490267710338863,14.960494069208895,26895,Mano_abierta
250.73267326732673,63743.6,251.22196410251385,1654,21.050890717496966,12.413880992059598,25324,Mano_abierta
250.990099009901,63779.68,251.29305207228072,1325,16.679628293220446,10.24781884129007,25350,Mano_abierta
258.43564356435644,67842.92,259.1740880581855,2051,25.554060342732228,15.362023331045977,26102,Mano_abierta
249.7128712871287,63209.87,250.1680029559542,1644,21.04518947408172,12.128614841682191,25221,Mano_abierta
253.77227722772278,65357.07,254.38154472569292,1798,24.06865181101758,13.833937849230468,25631,Mano_abierta
254.52475247524754,65642.57,254.9365481141463,1715,21.111371343425326,11.507695323987845,25707,Mano_abierta
254.86138613861385,65898.09,255.43224867539013,1680,21.655946065688287,13.98157043427115,25741,Mano_abierta
250.21782178217822,63485.66,250.71316102053936,1730,21.77291895911065,12.68228605038722,25272,Mano_abierta
262.3960396039604,69989.22,263.24182309379063,2194,26.017301935442884,17.128516812077248,26502,Mano_abierta
256.4059405940594,66729.89,257.0392927546331,1802,21.785775175558936,15.237917851191058,25897,Mano_abierta
254.54285714285714,65648.56730769231,254.99675067957799,1710,19.946081165135016,12.244897959183671,26727,Mano_abierta
252.78217821782178,64805.23,253.30533760544,1784,21.240998093310022,13.086952259582395,25531,Mano_abierta
265.64356435643566,71764.64,266.5597475424618,2253,28.1551061088393,17.843740809724537,26830,Mano_abierta
264.03960396039605,70805.2,264.7718988409487,2143,26.40208325113759,16.35525928830507,26668,Mano_abierta
251.92079207920793,64370.72,252.45472096717435,1917,23.94890394151682,13.30614645622978,25444,Mano_abierta
264.990099009901,71206.92,265.52194069435956,1734,21.145212224047317,13.21772375257327,26764,Mano_abierta
252.01980198019803,64409.46,252.5306765014053,1755,21.953815158190615,12.891677286540537,25454,Mano_abierta
258.05940594059405,67527.5,258.57090109114966,1782,22.351733713517618,13.426330751887068,26064,Mano_abierta
257.29357798165137,67081.69444444444,257.81052355372515,1957,22.377030220328198,12.967595320259237,28045,Mano_abierta
252.62376237623764,64738.45,253.17479188798546,1740,22.77674252389924,13.439270659739242,25515,Mano_abierta
252.5148514851485,64629.24,252.96115617749194,1746,21.7632718128502,11.568865797470837,25504,Mano_abierta
265.48514851485146,71490.98,266.0510261488414,1718,20.874386218521494,14.32251740025488,26814,Mano_abierta
254.88118811881188,65839.91,255.31946596953844,1637,20.22597340055603,11.693755514165275,25743,Mano_abierta
258.61386138613864,67796.86,259.0860937225231,1844,22.6101747007846,12.299970591118521,26120,Mano_abierta
255.5742574257426,66233.19,256.08087753985876,1763,22.573657213663896,12.930889128516812,25813,Mano_abierta
262.0990099009901,69629.84,262.5651074373066,1816,22.00727152556627,12.6940496029801,26472,Mano_abierta
248.77227722772278,62780.62,249.3171267742557,1776,22.042685861754688,13.329869620625432,25126,Mano_abierta
253.93069306930693,65414.45,254.49318689940958,1798,23.18404623873926,13.396725811194981,25647,Mano_abierta
251.5049504950495,64117.3,251.95728853820592,1720,21.238173179442718,12.381335163219294,25402,Mano_abierta
252.84158415841586,64776.13,253.24845937975184,1819,21.241233485840695,11.787863934908343,25537,Mano_abierta
257.2970297029703,67099.27,257.7497251057297,1603,20.12883503832251,12.410744044701502,25987,Mano_abierta
260.25742574257424,68770.36,260.9395817934386,1932,24.610566836218947,15.017547299284383,26286,Mano_abierta
256.38613861386136,66636.65,256.8596527057506,1748,21.861838897951838,13.058719733359474,25895,Mano_abierta
253.52475247524754,65195.04,254.06602400646852,1643,20.758371805129613,13.471032251740024,25606,Mano_abierta
253.22522522522522,64941.56363636364,253.685838202499,2029,22.26227955329577,12.44752860969077,28108,Mano_abierta
249.94059405940595,63312.1,250.37022092244212,1602,19.947932223666694,11.878247230663662,25244,Mano_abierta
257.55445544554453,67256.95,258.052397012623,1657,20.97450833750341,12.837172826193509,26013,Mano_abierta
259.1782178217822,68214.17,259.8822467545981,1925,24.079244174184538,15.44162337025782,26177,Mano_abierta
253.13861386138615,64991.53,253.6691733438466,1816,23.019122485446747,13.353396725811196,25567,Mano_abierta
250.59405940594058,63688.64,251.1136384307722,1694,20.471443525066814,13.034996568963825,25310,Mano_abierta
254.2871287128713,65572.83,254.80108724141257,1569,20.990235825259322,12.830114694637782,25683,Mano_abierta
259.6831683168317,68339.18,260.1202692130037,1526,20.157876872329584,12.266836584648557,26228,Mano_abierta
253.4257425742574,65149.96,253.97817010737185,1829,22.507109987734985,13.151259680423486,25596,Mano_abierta
251.96039603960395,64395.34,252.50299478667105,1944,23.72256309929431,13.86256249387315,25448,Mano_abierta
247.27722772277227,61997.61,247.75748682376425,1713,21.5571333901333,11.99607881580237,24975,Mano_abierta
247.74257425742573,62248.82,248.25892743163325,1596,20.12312103029746,12.298990295069112,25022,Mano_abierta
249.0891089108911,62917.34,249.58845333789776,1786,23.470406898901434,12.765023036957162,25158,Mano_abierta
249.68316831683168,63174.64,250.09827771268536,1331,17.650779019635365,11.041074404470152,25218,Mano_abierta
250.4851485148515,63552.05,250.84421815576738,1440,17.663521732655695,10.67836486618959,25299,Mano_abierta
250.84761904761905,63884.182692307695,251.5467390064159,1943,23.64460419825859,14.73687074829932,26339,Mano_abierta
249.11881188118812,62913.81,249.58145161469633,1612,20.19653435617111,12.023331045975883,25161,Mano_abierta
249.66336633663366,63160.52,250.0703267419621,1656,20.270668464557353,11.574159396137636,25216,Mano_abierta
253.8910891089109,65326.73,254.32249348626107,1834,22.660097087170655,11.711792961474364,25643,Mano_abierta
252.46534653465346,64644.39,252.99080326101475,1985,23.29184406611035,13.502401725321047,25499,Mano_abierta
251.86138613861385,64322.92,252.36097044895948,1709,21.914607000811127,13.226350357808059,25438,Mano_abierta
258.73267326732673,67834.88,259.1587303656824,1665,21.138353767500437,12.107636506224885,26132,Mano_abierta
256.64356435643566,66756.23,257.09001775199823,1694,21.23016721554496,12.470346044505442,25921,Mano_abierta
253.41584158415841,65120.89,253.92150108423525,1609,20.851139057615054,12.725223017351238,25595,Mano_abierta
256.1089108910891,66498.13,256.59254212324123,1828,22.319498202244603,12.62013528085482,25867,Mano_abierta
254.14851485148515,65466.19,254.59381355600553,1609,20.013745276684222,12.113322223311437,25669,Mano_abierta
254.1089108910891,65438.83,254.5406073538743,1702,21.12628694304799,12.021762572296833,25665,Mano_abierta
281.9306930693069,81028.57,283.2424878627729,1697,21.93467574412715,22.17449269679443,28475,Mano_abierta
286.33663366336634,83100.98,286.84176477598584,1777,21.284031572989175,13.87765905303402,28920,Mano_abierta
275.8019801980198,77149.52,276.3795639448341,1973,24.246855466224893,14.497206156259193,27856,Mano_abierta
258.58415841584156,67821.79,259.133724414081,1838,23.00739011709064,13.75492598764827,26117,Mano_abierta
264.0792079207921,70770.18,264.7064131231332,1979,23.91505801790997,15.386922850700913,26672,Mano_abierta
256.1782178217822,66581.88,256.7540719547531,1940,24.178089254529606,13.668659935300461,25874,Mano_abierta
258.8712871287129,68072.86,259.61292588607506,2409,28.680481167511818,16.2686011175375,26146,Mano_abierta
255.02970297029702,65947.72,255.52841774884396,1749,21.5,13.20125477894324,25758,Mano_abierta
259.1834862385321,68062.60185185185,259.68861028533115,1845,21.43227922066602,13.127682854978536,28251,Mano_abierta
258.54455445544556,67817.77,259.12604448548404,1766,23.14562593666458,13.660621507695323,26113,Mano_abierta
257.5049504950495,67197.44,257.93820735184073,1442,18.377703882694377,12.400745024997546,26008,Mano_abierta
252.44554455445544,64658.99,253.01937076081353,1863,22.901746658279144,13.587687481619446,25497,Mano_abierta
255.40594059405942,66108.2,255.83913572074275,1710,20.34256620979762,11.728654053524165,25796,Mano_abierta
249.97029702970298,63380.25,250.5049356245845,1945,23.617154782064667,13.338104107440449,25247,Mano_abierta
249.15841584158414,62910.35,249.57458854523782,1684,20.955667491158568,11.744142731104795,25165,Mano_abierta
249.31683168316832,63040.61,249.83283520096884,1976,24.588615251778617,13.223605528869719,25181,Mano_abierta
253.33663366336634,65030.57,253.74535063779402,1449,18.545889032343528,12.13547691402804,25587,Mano_abierta
255.77227722772278,66295.07,256.2004745669235,1503,18.36872341780996,12.278600137241444,25833,Mano_abierta
253.67326732673268,65260.41,254.19336601637085,1732,21.363052216385185,13.339476521909615,25621,Mano_abierta
255.96039603960395,66363.12,256.33193208404725,1605,19.649173010587493,10.971473384962255,25852,Mano_abierta
270.38613861386136,74150.13,270.95381580082926,1960,23.939507096011816,14.556023919223604,27309,Mano_abierta
255.17821782178217,65988.97,255.60832118963995,1687,20.78148214156055,12.404862268405056,25773,Mano_abierta
255.63366336633663,66224.95,256.06494767098167,1756,22.097511172075464,11.89804921086168,25819,Mano_abierta
252.63366336633663,64627.68,252.95810321118006,1366,17.695762204550558,9.95745515145574,25516,Mano_abierta
256.04545454545456,66384.85321100918,256.4787604178064,1667,19.038589493664094,12.378512396694218,28165,Mano_abierta
248.13861386138615,62447.0,248.6538012403734,1938,23.574138372377472,12.95186746397412,25062,Mano_abierta
255.62376237623764,66270.3,256.15260766941566,1779,21.937410968480304,13.144789726497402,25818,Mano_abierta
262.7524752475247,70122.78,263.49287476040973,1866,24.05535283466031,15.720223507499263,26538,Mano_abierta
255.40594059405942,66175.18,255.96870941195098,1683,21.664948649835292,13.922948730516618,25796,Mano_abierta
251.79207920792078,64301.33,252.3186143912431,1827,22.43457153591305,13.124203509459855,25431,Mano_abierta
244.72277227722773,60664.67,245.07963951126234,1535,18.549663069716388,10.247034604450544,24717,Mano_abierta
248.82178217821783,62765.79,249.28767826479805,1620,21.083168642308014,12.041368493284972,25131,Mano_abierta
251.75247524752476,64298.29,252.31264983612442,1945,23.829183787952118,13.314577002254678,25427,Mano_abierta
250.15841584158414,63474.28,250.69068946049475,1788,23.019556902772912,13.245956278796196,25266,Mano_abierta
253.5049504950495,65185.8,254.04801916095303,1763,21.384340064636085,13.846681697872759,25604,Mano_abierta
252.72277227722773,64775.89,253.24799022787022,1764,21.678560837841612,13.606705224977942,25525,Mano_abierta
249.24752475247524,62985.08,249.7227769878724,1767,21.831857456478595,11.923144789726496,25174,Mano_abierta
250.43564356435644,63590.48,250.92004959175486,1927,22.889954128394404,12.972061562591906,25294,Mano_abierta
249.82178217821783,63261.96,250.27106097269024,1893,22.553270272845133,12.568963827075777,25232,Mano_abierta
254.2871287128713,65640.67,254.93285856522618,1851,24.2386055704531,14.668954024115285,25683,Mano_abierta
249.59405940594058,63166.35,250.0818677834509,1845,23.185555848415625,11.879619645132832,25209,Mano_abierta
249.8118811881188,63318.53,250.38293444519365,1730,21.562931155109688,13.698656994412312,25231,Mano_abierta
258.9009900990099,67981.83,259.43928494786104,1880,23.504042205544135,13.25654347612979,26149,Mano_abierta
260.03960396039605,68607.94,260.631259570579,2030,25.648001871490887,14.538966767963926,26264,Mano_abierta
272.6930693069307,75465.04,273.34568111850353,2012,24.964374616641212,15.038133516321928,27542,Mano_abierta
261.0693069306931,69134.06,261.6286764795397,1913,24.13110026501071,13.137927654151554,26368,Mano_abierta
256.34653465346537,66605.37,256.7993592108226,1740,22.083930809527548,12.52818351142045,25891,Mano_abierta
254.01980198019803,65362.92,254.39292910031446,1640,19.665197685250966,11.267914910302913,25656,Mano_abierta
252.27358490566039,64484.08571428571,252.7365135531842,1757,21.0606832973762,12.335350658597369,26741,Mano_abierta
253.5049504950495,65183.78,254.04408286674177,1696,20.8269056751117,13.055190667581611,25604,Mano_abierta
254.54455445544554,65674.89,254.9993011056235,1619,20.81129501016215,12.731692971277322,25709,Mano_abierta
259.05940594059405,68106.45,259.67696993162735,1834,23.112334369336214,14.523674149593171,26165,Mano_abierta
275.26732673267327,77106.4,276.3023168506368,1580,20.67268729507608,19.521419468679543,27802,Mano_abierta
255.43564356435644,66209.45,256.03497981933856,1790,21.722799082991123,14.15155376923831,25799,Mano_abierta
247.990099009901,62339.15,248.43898786838852,1510,19.757024067404483,11.594353494755417,25047,Mano_abierta
256.3069306930693,66651.03,256.887366002848,1825,22.087779426642236,13.87275757278698,25887,Mano_abierta
276.94059405940595,78071.29,278.02573069896437,2129,26.97758328686986,18.71581217527693,27971,Mano_abierta
262.990099009901,70212.68,263.6617244700016,1839,21.84101645986285,15.276933633957455,26562,Mano_abierta
254.11881188118812,65444.96,254.5525291546126,1621,19.891958174096384,12.10489167728654,25666,Mano_abierta
253.21782178217822,65142.09,253.96282958708974,1967,24.245618160814132,15.817076757180667,25575,Mano_abierta
252.1089108910891,64421.89,252.5550425252889,1490,18.44017353497521,12.25938633467307,25463,Mano_abierta
255.5148514851485,66247.07,256.10770862244965,1620,20.963778285414108,14.036270953828055,25807,Mano_abierta
262.4752475247525,69919.42,263.11052528329515,1902,23.910248848558645,14.478972649740221,26510,Mano_abierta
253.6039603960396,65217.14,254.10908236931292,1739,21.068697159530295,12.946573865307323,25614,Mano_abierta
246.77227722772278,61736.48,247.23516684074755,1698,21.43641761115882,12.238996176845408,24924,Mano_abierta
248.56435643564356,62634.91,249.0276337602669,1812,22.966932751240424,12.39780413684933,25105,Mano_abierta
252.4257425742574,64683.07,253.06648052311556,1926,23.987079855622277,15.131457700225468,25495,Mano_abierta
249.53465346534654,63165.43,250.08004659102713,1972,23.80126047082381,13.252818351142045,25203,Mano_abierta
255.97058823529412,66506.92079207921,256.6220804156625,1811,22.013722093186324,15.009803921568627,26109,Mano_abierta
250.0891089108911,63398.43,250.54086048442724,1433,18.844362552232962,12.034114302519361,25259,Mano_abierta
253.69306930693068,65361.67,254.39049658443463,2392,29.22259399848001,15.584942652681107,25623,Mano_abierta
251.87128712871288,64293.71,252.3036634967106,1665,20.624984848479283,12.231545926869911,25439,Mano_abierta
253.009900990099,64947.82,253.5838564996355,1992,24.91304878974069,13.614155474953435,25554,Mano_abierta
250.06930693069307,63387.39,250.51904534228117,1807,22.613491548188662,12.43054602489952,25257,Mano_abierta
257.7227722772277,67323.24,258.17953688727295,1719,20.97069383687626,12.087442407607098,26030,Mano_abierta
255.03960396039605,65974.09,255.57950071967588,1805,22.32196227933378,13.39045191647878,25759,Mano_abierta
252.1980198019802,64525.94,252.75891538565102,1612,21.239114859146085,13.443387903146744,25472,Mano_abierta
622.2475247524752,481253.57,690.2815970082911,2821,40.41967342767628,261.1951769434369,62847,Mano_abierta
472.4257425742574,226022.19,473.0585022327085,2026,26.17708921939183,18.1274384864229,47715,Mano_abierta
452.4257425742574,207543.61,453.3086396400109,1739,22.033383761919094,23.637486520929325,45695,Mano_abierta
414.0990099009901,173695.24,414.69927073545097,2083,25.867160648204123,18.266248407018917,41824,Mano_abierta
409.0495049504951,169382.48,409.51852918100576,2177,27.912541983846616,14.781688069797077,41314,Mano_abierta
407.1980198019802,167764.05,407.5573822199522,1923,23.78339757057431,13.704930889128516,41127,Mano_abierta
400.1485148514852,162120.69,400.6439000577263,2110,26.297148134350994,16.03411430251936,40415,Mano_abierta
375.77669902912623,142934.10784313726,376.2265249264762,2073,24.736057669313592,14.182298048826471,38705,Mano_abierta
405.3762376237624,166819.03,406.4078695542737,2290,28.397887245356827,23.61513577100284,40943,Mano_abierta
377.7722772277228,144386.19,378.09605097432086,1999,24.001458289029024,12.63327124791687,38155,Mano_abierta
382.91089108910893,148497.22,383.4409348192359,2115,25.68092677455391,15.738849132437995,38674,Mano_abierta
380.13861386138615,146275.12,380.5612322414732,2033,25.250544548583502,14.437604156455249,38394,Mano_abierta
382.7524752475247,148241.52,383.11066570668305,1877,22.96889200636374,13.735124007450251,38658,Mano_abierta
384.9306930693069,150051.18,385.44198623460215,1998,25.10019920239678,16.569159886285657,38878,Mano_abierta
376.970297029703,143807.46,377.3375461869336,1891,23.746368143360364,13.339280462699735,38074,Mano_abierta
375.7524752475247,142927.07,376.18074179182736,1891,23.863989607775142,13.73532006666013,37951,Mano_abierta
445.2277227722772,201600.24,446.77085627847526,2164,26.167537140510568,29.671012645819047,44968,Mano_abierta
449.4257425742574,209714.28,455.6730198180478,2402,30.329523570277196,54.39545142633076,45392,Mano_abierta
425.1188118811881,218474.41,465.0927832483568,1704,22.06717018559471,161.31418488383488,42937,Mano_abierta
249.62376237623764,63117.36,249.9848708293451,1395,17.705648816126452,10.699147142437017,25212,Mano_abierta
246.17821782178217,61445.28,246.65139547768447,1750,21.824756585125982,12.45721007744339,24864,Mano_abierta
249.56435643564356,63102.36,249.95516429635103,1748,21.44294755857972,11.217331634153512,25206,Mano_abierta
247.8019801980198,62258.2,248.2776312482013,1735,21.519990706317696,12.211743946671897,25028,Mano_abierta
278.621359223301,80479.41176470589,282.3084452375224,1959,23.43137665107848,39.034593269865205,28698,Mano_abierta
397.6039603960396,240713.64,488.1908813503826,2378,35.295042144754554,222.63993726105292,40158,Mano_abierta
551.1089108910891,325106.7,567.3515856875507,2371,28.801215252138235,99.9262817370846,55662,Mano_abierta
486.1980198019802,239680.64,487.1422424266198,2012,24.7329739416836,24.73875110283305,49106,Mano_abierta
412.3069306930693,172073.45,412.75870975092397,1843,23.207541877587985,14.888736398392314,41643,Mano_abierta
411.53465346534654,171447.31,412.00705319349584,2072,26.406059910558408,15.964317223801588,41565,Mano_abierta
408.51485148514854,168923.22,408.96297249419433,2145,26.096934685897498,14.905205372022348,41260,Mano_abierta
416.65346534653463,175627.62,416.9996794642261,2159,26.386549603917523,13.649250073522202,42082,Mano_abierta
419.53465346534654,178115.35,419.9426528505628,1983,25.392321674080925,15.343985883736888,42373,Mano_abierta
419.65346534653463,178181.45,420.02056762463764,2067,25.823438965405053,14.462699735320069,42385,Mano_abierta
421.71287128712873,179985.21,422.1411828024148,2118,26.417797031546744,14.776394471130283,42593,Mano_abierta
419.029702970297,177640.84,419.38290356424903,1969,24.40553215973788,13.73532006666013,42322,Mano_abierta
425.56435643564356,183305.12,426.016687257415,2287,27.158608211762253,15.771787079698068,42982,Mano_abierta
423.26732673267327,181244.18,423.61501763785105,1932,24.037054728065165,13.634937751200866,42750,Mano_abierta
420.08910891089107,178592.47,420.504729726994,2090,26.84026825499328,14.937947260072542,42429,Mano_abierta
422.9009900990099,180984.71,423.3116844338434,2107,26.8694994370941,15.36535633761396,42713,Mano_abierta
420.1188118811881,178547.7,420.4520198430482,1993,24.496734476252136,13.343005587687482,42432,Mano_abierta
425.15841584158414,183454.69,426.1904585167212,2101,26.68838698760193,22.032937947260073,42941,Mano_abierta
431.970297029703,190672.63,434.4937078695362,2215,27.53125496594734,41.197725713165376,43629,Mano_abierta
461.48514851485146,259079.84,506.47279598148896,2692,36.30261698555629,143.74727967846286,46610,Mano_abierta
424.22727272727275,230605.53211009174,478.0262735266945,2165,23.814843879203277,183.22479338842976,46665,Mano_abierta
252.66336633663366,64785.15,253.2660910411955,1788,21.76097424289639,14.491520439172634,25519,Mano_abierta
250.7029702970297,63715.93,251.16743261800642,1591,19.889444436685505,12.313890795020098,25321,Mano_abierta
400.54455445544556,162194.53,400.73512893725257,876,11.054410884348384,9.671404764238801,40455,Mano_abierta
394.980198019802,157665.63,395.1007265981877,688,8.907300376657341,7.085775904323109,39893,Mano_abierta
388.4257425742574,152461.23,388.525047932932,732,9.460443964212251,6.9106950298990295,39231,Mano_abierta
388.7821782178218,152739.87,388.87992241745513,733,9.696906723280367,6.8183511420448975,39267,Mano_abierta
388.2475247524753,152308.55,388.33045792785225,812,9.934787365615835,6.571708656014116,39213,Mano_abierta
392.7227722772277,155815.53,392.7757655204786,655,8.417244204607586,5.369081462601706,39665,Mano_abierta
394.4950495049505,157242.5,394.57020105978154,845,9.983486364992944,6.114106460150964,39844,Mano_abierta
392.09,155335.0202020202,392.1500605635552,761,9.428626087558563,5.566400000000003,39209,Mano_abierta
391.7920792079208,155096.25,391.86814563620305,796,10.197058399362044,5.813939809822567,39571,Mano_abierta
388.8019801980198,152731.53,388.8693053374917,680,9.134549797335389,5.5978825605332805,39269,Mano_abierta
390.8712871287129,154367.12,390.94594597369513,905,11.425847889762931,6.283893735908244,39478,Mano_abierta
390.15841584158414,153808.68,390.238160335683,727,8.915716460273957,6.5393588863836865,39406,Mano_abierta
396.35643564356434,158748.06,396.4546594879457,759,10.004498987955369,7.099696108224684,40032,Mano_abierta
397.43636363636364,159472.623853211,397.5209085410134,833,9.690153898097147,6.577190082644631,43718,Mano_abierta
394.34653465346537,157117.03,394.41274807184436,729,9.90807751281751,5.636310165670031,39829,Mano_abierta
393.4752475247525,156438.21,393.5598008329651,769,9.971459271340379,6.38094304479953,39741,Mano_abierta
390.7722772277228,154269.7,390.82256489067106,696,8.575546629807338,5.244387805117144,39468,Mano_abierta
391.12389380530976,154392.63392857142,391.1857965642775,746,8.268917704270613,5.454460020361818,44197,Mano_abierta
391.91089108910893,155184.75,391.97993230104606,742,9.543584232352119,5.5227918831487095,39583,Mano_abierta
392.74257425742576,155834.57,392.7997625576504,790,9.494208761134336,5.349083423193805,39667,Mano_abierta
391.6039603960396,154956.88,391.69203906302016,753,9.970456358662826,6.2093912361533175,39552,Mano_abierta
384.1485148514852,149096.27,384.21357251785196,821,10.517128885774863,5.36378786393491,38799,Mano_abierta
390.0495049504951,153745.97,390.1585993839779,745,10.31746092796091,6.805411234192729,39395,Mano_abierta
392.0,155265.12,392.081422135962,906,11.224081254160627,6.217821782178218,39592,Mano_abierta
397.1287128712871,159343.84,397.197908123673,743,9.647279409242794,6.025879815704343,40110,Mano_abierta
400.7821782178218,162276.47,400.83634101367073,577,7.863205453248694,5.2824232918341325,40479,Mano_abierta
400.13861386138615,161751.2,400.18708496189254,659,8.248030067840443,4.774237819821585,40414,Mano_abierta
390.8514851485148,154336.0,390.9065371570028,626,7.669419795525604,5.312420350945985,39476,Mano_abierta
388.1089108910891,152174.27,388.15923801889085,587,7.182617907142214,4.675227918831489,39199,Mano_abierta
389.6732673267327,153391.91,389.70909434836364,514,6.465291950097845,4.323497696304284,39357,Mano_abierta
387.84158415841586,151968.88,387.89719981428374,729,9.514725429564429,5.164787765905302,39172,Mano_abierta
388.019801980198,152125.5,388.0970328805582,771,10.504760825454333,5.66434663268307,39190,Mano_abierta
389.9306930693069,153618.77,389.9971693220451,720,9.503683496413377,5.4943632977159105,39383,Mano_abierta
387.8235294117647,151957.18811881187,387.9012912645508,776,10.383726796204618,5.61937716262976,39558,Mano_abierta
390.0,153724.58,390.13145791572043,972,12.76949489995591,7.564356435643564,39390,Mano_abierta
389.18811881188117,153039.9,389.26167736542794,821,10.58158778255891,5.904127046368002,39308,Mano_abierta
395.28712871287127,157884.6,395.37499432641647,796,10.370149468546728,6.617978629546124,39924,Mano_abierta
401.7821782178218,163273.42,402.06573030432287,1001,13.175355782672437,11.653367316929717,40580,Mano_abierta
393.74257425742576,156652.88,393.82973654377423,710,9.107140056021978,6.457994314282914,39768,Mano_abierta
396.83168316831683,159129.98,396.93127319923326,872,11.113055385446435,7.024801490049998,40080,Mano_abierta
389.83168316831683,153554.31,389.915337345211,677,8.412490713219242,6.12038035486717,39373,Mano_abierta
392.7227722772277,155835.49,392.8009220412239,831,10.378342834961659,6.1809626507205175,39665,Mano_abierta
390.8910891089109,154371.88,390.95197345013423,669,9.158056562393574,5.502597784530929,39480,Mano_abierta
392.23762376237624,155455.5,392.3217259261375,810,11.77030161040914,5.619449073620235,39616,Mano_abierta
391.63366336633663,154979.01,391.720007602925,707,9.509468965194639,6.420743064405452,39555,Mano_abierta
389.66336633663366,153438.26,389.7679685491494,789,9.532575727472612,7.006371924321145,39356,Mano_abierta
397.3267326732673,159690.84,397.6301580291131,966,12.481185841096991,12.633859425546515,40130,Mano_abierta
378.4752475247525,144740.8,378.56006494647215,770,10.464224768228174,6.044309381433193,38226,Mano_abierta
381.63366336633663,147214.53,381.78129917013956,844,10.909628774619236,8.127046368003139,38545,Mano_abierta
381.74257425742576,147269.56,381.852648995073,797,9.95339138183564,7.4871091069503,38556,Mano_abierta
375.8712871287129,142737.87,375.93167432709924,681,8.322860085331243,5.018527595333791,37963,Mano_abierta
381.1287128712871,146784.06,381.2227071873441,790,10.145935146648632,6.518968728556023,38494,Mano_abierta
383.7821782178218,148850.9,383.89728927523214,887,11.014989786649826,7.111067542397801,38762,Mano_abierta
388.4950495049505,152490.02,388.561729744171,787,9.050414355155239,6.0839133418292315,39238,Mano_abierta
385.990099009901,150523.69,386.04838613267583,707,8.718371407550839,5.475737672777179,38985,Mano_abierta
388.94059405940595,152850.11,389.02023414503446,794,9.624967532412771,6.4223115380845,39283,Mano_abierta
384.6732673267327,149508.36,384.74417371536737,821,10.35519193448388,5.840995980786197,38852,Mano_abierta
417.6930693069307,178187.65,420.0278750768622,1003,13.728437638711842,33.601999803940785,42187,Mano_abierta
414.54455445544556,174442.17,415.589965954401,861,10.935721283939163,21.88177629644153,41869,Mano_abierta
391.4257425742574,154803.34,391.4979357076693,806,10.00499875062461,6.138809920596023,39534,Mano_abierta
387.61386138613864,151811.35,387.6961017688115,877,11.040380428228005,6.4889716694441715,39149,Mano_abierta
386.2970297029703,150776.82,386.3728512693662,813,10.094057657849989,5.90393098715812,39016,Mano_abierta
383.86138613861385,148887.26,383.9441739535466,752,9.796938297243685,6.423291834133908,38770,Mano_abierta
385.019801980198,149803.09,385.12321546371226,919,11.652896635600952,6.869914714243704,38887,Mano_abierta
387.980198019802,152101.16,388.06598397797256,946,11.283616441549224,6.4944613273208525,39186,Mano_abierta
385.56435643564356,150215.96,385.65356638740775,793,10.135580891098448,7.010685226938537,38942,Mano_abierta
388.86138613861385,152777.93,388.9283703045109,758,9.398936110007345,5.429859817664935,39275,Mano_abierta
389.3168316831683,153136.63,389.3846757931984,718,8.907300376657341,5.81864523085972,39321,Mano_abierta
386.03960396039605,150571.2,386.1093058184482,817,10.094057657849989,6.060582295853347,38990,Mano_abierta
384.0,148865.00917431194,384.0725073590805,930,10.637479179897477,5.781818181818182,42240,Mano_abierta
383.16831683168317,148357.32,383.2602714129973,920,11.632712495372694,6.400941084207433,38700,Mano_abierta
384.9207920792079,149717.45,385.01311537388045,674,8.668333173107735,6.651112636016077,38877,Mano_abierta
385.25742574257424,149971.07,385.3390817459242,702,9.155326318597279,6.5473973139888235,38911,Mano_abierta
385.1287128712871,149874.84,385.21543413143417,911,11.615076409563564,6.412312518380551,38898,Mano_abierta
380.8811881188119,146608.09,380.9941269264859,924,12.18769871632869,6.842270365650424,38469,Mano_abierta
384.6831683168317,149518.61,384.75736214239265,790,10.10643359449811,5.917655131849819,38853,Mano_abierta
383.2079207920792,148382.66,383.29300117856997,721,9.633794683301073,6.700127438486422,38704,Mano_abierta
383.6930693069307,148756.01,383.7749056645338,910,11.624973118248489,6.425840603862364,38753,Mano_abierta
383.41584158415844,148571.65,383.5370172021945,872,11.95156893466293,7.296147436525833,38725,Mano_abierta
387.08910891089107,151401.94,387.1729728313808,856,10.917875251164945,6.541907656112147,39096,Mano_abierta
386.18811881188117,150695.27,386.2683492389227,874,10.522357150372724,6.224683854524065,39005,Mano_abierta
384.16831683168317,149122.55,384.24743214354845,807,10.314552825983297,5.9652975198509965,38801,Mano_abierta
387.83168316831683,151979.37,387.9105873295755,696,8.53346354067327,6.245858249191254,39171,Mano_abierta
392.65346534653463,155789.96,392.7435361002328,815,11.11710393942595,5.883148710910699,39658,Mano_abierta
390.18811881188117,153829.21,390.2642034761214,824,10.468046618161384,5.916478776590529,39409,Mano_abierta
386.16831683168317,150670.09,386.2360766819861,791,9.554580053565934,5.872953631996863,39003,Mano_abierta
386.9009900990099,151244.89,386.97211248562104,837,10.181846590869458,6.179198117831582,39077,Mano_abierta
386.3069306930693,150801.17,386.4040490327591,940,11.766052864066182,6.736398392314479,39017,Mano_abierta
380.26732673267327,146107.47,380.34308378901625,774,9.770363350459387,5.924125085775905,38407,Mano_abierta
383.3960396039604,148534.87,383.4895405650228,791,10.476163419878482,6.744436819919615,38723,Mano_abierta
389.51485148514854,153299.85,389.59213249624315,761,9.71030380575191,6.154494657386535,39341,Mano_abierta
393.76237623762376,156657.46,393.83549362596045,775,9.685556256612214,6.363493775120085,39770,Mano_abierta
394.44554455445547,157202.25,394.519697960961,728,9.1804139340228,6.20135280854818,39839,Mano_abierta
391.61386138613864,154969.03,391.707394834865,917,11.867181636766162,6.918733457504163,39553,Mano_abierta
388.61386138613864,152579.9,388.67622505215326,782,9.882307422864358,5.459268699147143,39250,Mano_abierta
387.84158415841586,151992.62,387.92749654317805,826,10.591506030777682,6.38506028820704,39172,Mano_abierta
379.2475247524753,145340.96,379.3440926046686,856,10.907795377618706,6.6660131359670585,38304,Mano_abierta
380.25742574257424,146102.42,380.3365107193084,772,9.620810776644555,5.8735418096265075,38406,Mano_abierta
383.63366336633663,148691.83,383.6921078982031,708,8.969949832635631,5.129693167336535,38747,Mano_abierta
400.3762376237624,163132.92,401.892700324673,1130,16.373759494996865,21.35339672581121,40438,Mano_abierta
393.58415841584156,156522.5,393.6658129393861,789,10.229858259037611,6.068424664248605,39752,Mano_abierta
390.55445544554453,154121.88,390.6352784786331,817,10.377379245262263,6.304676012155671,39446,Mano_abierta
382.94059405940595,148180.81,383.0322091774094,720,9.026627277117406,6.574845603372219,38677,Mano_abierta
410.029702970297,171109.77,411.6012801989155,1076,26.01153590236455,15.567101264581899,41413,Mano_abierta
874.3762376237623,827521.42,905.167464403058,1695,24.7275150389197,205.88275659249084,88312,Mano_abierta
693.2079207920792,486726.84,694.1957666078334,1066,13.590437814875575,30.97559062836977,70014,Mano_abierta
729.059405940594,537206.33,729.3061465842343,900,11.54382952057072,15.93530046073914,73635,Mano_abierta
677.5940594059406,463808.07,677.6547136197676,781,10.16021653312566,7.288697186550338,68437,Mano_abierta
673.0891089108911,457671.12,673.1565366036916,865,11.480853626799707,7.186158219782378,67982,Mano_abierta
674.1584158415842,459109.7,674.2136600558762,847,10.432161808561062,6.6915008332516415,68090,Mano_abierta
675.6831683168317,461179.56,675.7317705588322,806,10.410571550111934,6.160572492892852,68244,Mano_abierta
650.0792079207921,427189.96,650.3540239251569,897,11.18168144779666,16.45936672875208,65658,Mano_abierta
670.5643564356436,454224.41,670.6169835411727,915,11.398684134583254,6.561317517890404,67727,Mano_abierta
635.0693069306931,408107.96,635.6628722276556,879,11.41183596096614,23.122242917361042,64142,Mano_abierta
587.1485148514852,348256.34,587.2037614199543,841,10.582532778120745,6.277619841192042,59302,Mano_abierta
590.940594059406,352806.19,591.0271223945147,870,10.518555033843764,8.184687775708262,59685,Mano_abierta
590.940594059406,352781.85,591.0067346452488,817,10.49904757585182,7.1700813645721,59685,Mano_abierta
644.656862745098,420912.9405940594,645.589918707886,875,11.278209955572745,30.094963475586308,65755,Mano_abierta
589.6039603960396,351346.0,589.802786304603,895,11.492171248288985,11.683756494461328,59550,Mano_abierta
591.6930693069307,353810.85,591.8680362016754,833,10.953994705129267,11.370257817861,59761,Mano_abierta
669.4158415841584,454184.91,670.5878240044105,1020,13.11945120803458,33.06342515439663,67611,Mano_abierta
725.8415841584158,560603.68,745.018891381186,1608,23.76636278440603,138.31506715027936,73310,Mano_abierta
458.1980198019802,220285.38,467.0164200899829,1024,12.929037087115189,72.53190863640819,46278,Mano_abierta
387.44554455445547,151667.98,387.51298924253257,738,9.071934744033381,5.851583178119793,39132,Mano_abierta
380.9306930693069,146615.08,381.00320936253866,707,8.99499861033897,6.074110381335164,38474,Mano_abierta
378.2970297029703,144610.16,378.38918620597997,781,9.839207285142438,6.4562297813939775,38208,Mano_abierta
376.0792079207921,142915.94,376.16609455540953,747,9.192932067626737,6.529163807469854,37984,Mano_abierta
374.6732673267327,141874.68,374.79324993657474,978,12.507597691003657,7.703166356239585,37842,Mano_abierta
764.7821782178218,745896.01,859.3665696256162,2321,40.50370353436831,352.8277619841192,77243,Mano_abierta
725.8910891089109,536029.09,728.5066034615807,1173,14.937536610833796,56.495245564160385,73315,Mano_abierta
766.6633663366337,595424.83,767.8082668566843,999,12.308127396155761,34.35408293304579,77433,Mano_abierta
684.009900990099,472709.03,684.126262157986,908,11.640446726822816,9.810998921674344,69085,Mano_abierta
677.019801980198,463039.39,677.0929342299759,861,10.313583276436953,8.020390157827665,68379,Mano_abierta
687.6039603960396,477698.86,687.7275393037796,862,10.89954127475097,10.396235663170279,69448,Mano_abierta
694.9108910891089,487797.86,694.9591198177212,890,11.177656283854859,6.640917557102243,70186,Mano_abierta
697.7326732673267,491784.39,697.7931195015915,898,11.85073837362044,6.927360062738947,70471,Mano_abierta
695.0693069306931,488049.92,695.1386498924207,1022,13.023056476879765,7.755906283697677,70202,Mano_abierta
684.3762376237623,473125.26,684.4273894907687,863,11.627123461974591,6.545828840309772,69122,Mano_abierta
694.4455445544554,487238.03,694.5602141564898,818,10.360501918343532,9.890991079305953,70139,Mano_abierta
693.7623762376238,486189.92,693.8127689916362,888,10.696728471827262,6.973630036270957,70070,Mano_abierta
693.9108910891089,486382.99,693.9505146850769,750,9.29623579735368,5.873933928046271,70085,Mano_abierta
684.8514851485148,473835.58,684.9409745473412,834,11.166915420114902,8.800509753945692,69170,Mano_abierta
699.4356435643564,494152.33,699.471037765873,759,9.998499887483122,5.404176061170476,70643,Mano_abierta
697.1188118811881,490996.01,697.2335787713731,972,12.532358118087753,9.78335457308107,70409,Mano_abierta
660.3366336633663,440779.74,660.6175778454701,936,11.716654812701448,14.326830702872265,66694,Mano_abierta
656.5436893203884,435780.2745098039,656.9241950623012,847,10.52680984392689,19.899707795268164,67624,Mano_abierta
814.5643564356436,731844.73,851.2336592112987,1802,29.43874997346185,212.6162140966572,82271,Mano_abierta
406.83168316831683,168328.9,408.2429144856317,779,9.775990998359195,25.48946181746888,41090,Mano_abierta
379.970297029703,145883.91,380.0519896691572,884,10.86370102681402,6.247818841290069,38377,Mano_abierta
379.5247524752475,145550.18,379.61702952964436,827,10.866002024663901,6.478972649740222,38332,Mano_abierta
378.6237623762376,144853.93,378.70797809561304,755,9.745255255764212,6.345456327811,38241,Mano_abierta
373.44554455445547,140926.46,373.5386840942334,916,11.217842929904126,6.25193608469758,37718,Mano_abierta
374.2970297029703,141541.2,374.3525103164102,748,9.703607576566563,4.739927458092344,37804,Mano_abierta
377.9504950495049,144349.83,378.04844102624764,836,10.526157893552615,6.669738260954811,38173,Mano_abierta
381.13,146836.77777777778,381.2720944417517,741,9.166804406678645,8.5474,38113,Mano_abierta
387.13861386138615,151444.43,387.2272978471686,733,9.380298502713012,6.495833741790022,39101,Mano_abierta
383.8910891089109,148928.87,383.9978212603208,866,11.09414259868693,7.113420252916379,38773,Mano_abierta
378.009900990099,144394.01,378.1062897342937,791,10.059324032955693,6.6246446426820915,38179,Mano_abierta
382.05940594059405,147476.54,382.1208921763161,588,7.615773105863909,5.330849916674835,38588,Mano_abierta
374.8217821782178,141954.97,374.89928680583637,826,10.540398474441087,5.731594941672387,37857,Mano_abierta
375.2772277227723,142293.69,375.34629555139935,733,9.166787877986486,5.770610724438781,37903,Mano_abierta
380.48039215686276,146276.54455445544,380.5817399512406,990,12.102695878388106,7.1384083044982685,38809,Mano_abierta
376.2277227722772,143033.07,376.32021071170095,847,10.241581909060729,6.793451622389962,37999,Mano_abierta
377.74257425742576,144177.56,377.8227883624022,868,10.42688831818966,6.071561611606706,38152,Mano_abierta
375.55445544554453,142525.01,375.65126285842393,907,11.41358839278866,6.650132339966669,37931,Mano_abierta
380.66336633663366,146417.39,380.74625785592053,804,10.939835464941876,6.122144887756102,38447,Mano_abierta
384.0495049504951,149038.63,384.1392976512557,774,10.355674772799693,6.642093912361532,38789,Mano_abierta
378.9207920792079,145067.97,378.98766927875965,772,9.834632682515398,5.8470738162925215,38271,Mano_abierta
385.4257425742574,150094.04,385.49703033361953,768,9.44986772394196,6.054112341927264,38928,Mano_abierta
379.43564356435644,145488.27,379.53628558967574,862,11.71067888723792,6.996961082246837,38323,Mano_abierta
383.8910891089109,148907.07,383.9697156993731,862,10.268398122394748,6.266248407018921,38773,Mano_abierta
373.91089108910893,141306.85,374.04247389464706,904,11.60172400981854,7.629252034114303,37765,Mano_abierta
373.2970297029703,140844.39,373.4299011717044,675,8.79715863219483,8.35133810410744,37703,Mano_abierta
383.8712871287129,148885.33,383.941685444264,762,9.448809448814174,5.986275855308303,38771,Mano_abierta
381.5247524752475,147072.0,381.59643811775607,752,9.605206921248495,6.096265072051758,38534,Mano_abierta
385.2079207920792,149917.56,385.27033070659917,817,9.961425600786265,5.679443191843937,38906,Mano_abierta
383.65346534653463,148718.21,383.7261425486248,777,9.86154146165801,6.177825703362415,38749,Mano_abierta
385.4257425742574,150111.78,385.51981110245845,717,9.562949335848225,6.480541123419273,38928,Mano_abierta
393.26732673267327,156294.42,393.3788892340939,840,10.886689120205462,7.256151357710029,39720,Mano_abierta
390.2178217821782,153841.76,390.2801228059478,659,8.563293758829017,5.38574649544162,39412,Mano_abierta
390.56435643564356,154124.03,390.6380031499118,686,8.589528508596965,6.2048818743260465,39447,Mano_abierta
390.2970297029703,153908.06,390.3642117584323,732,9.1804139340228,5.777080678364866,39420,Mano_abierta
390.38613861386136,153988.23,390.4658679826009,637,8.743569065318807,6.246838545240662,39429,Mano_abierta
388.08910891089107,152165.69,388.14829512687675,818,10.30145620774073,5.670620527399276,39197,Mano_abierta
380.05940594059405,145949.28,380.137130025156,761,10.646595700034824,5.4484854426036655,38386,Mano_abierta
380.1090909090909,145878.88073394494,380.20087991864125,835,9.404761628260637,6.880661157024795,41812,Mano_abierta
392.2772277227723,155490.16,392.3654590625257,791,9.855455342093535,6.627585530830312,39620,Mano_abierta
387.94059405940595,152078.36,388.03689729633487,876,11.585335558368605,6.360552886971865,39182,Mano_abierta
381.8217821782178,147315.66,381.91241025778527,864,11.568059474259284,6.061170473482993,38564,Mano_abierta
385.5742574257426,150210.29,385.6462879452369,789,9.98548947222919,6.13880992059602,38943,Mano_abierta
388.5247524752475,152514.59,388.59303204568073,773,9.35467797414748,5.629448093324183,39241,Mano_abierta
389.7821782178218,153513.68,389.86374873057565,794,10.02197585309404,6.459366728752081,39368,Mano_abierta
391.0693069306931,154540.82,391.1658380678036,805,10.866922287382017,6.528183511420449,39498,Mano_abierta
391.53465346534654,154914.63,391.63863673312187,885,11.636580253665594,6.7761984119204,39545,Mano_abierta
390.2970297029703,153918.84,390.3778824281787,857,10.659737332598773,6.602882070385256,39420,Mano_abierta
388.8217821782178,152750.37,388.8932888325664,831,10.4273678366115,5.821390059798063,39271,Mano_abierta
387.970297029703,152085.87,388.04647828182993,883,11.004998864152599,6.149985295559258,39185,Mano_abierta
388.34653465346537,152384.89,388.4277651158208,797,10.065286881157437,6.336241544946573,39223,Mano_abierta
392.029702970297,155268.91,392.0862074332709,687,8.972736483370054,5.236741495931771,39595,Mano_abierta
386.51485148514854,150936.12,386.5769043415514,795,9.969453345093703,5.61807665915106,39038,Mano_abierta
255.87128712871288,66642.77,256.87144760377595,683,10.114840582035884,17.327124791687087,25843,Mano_abierta
266.3168316831683,71760.48,266.5520215605573,651,8.479976415061541,9.295559258896184,26898,Mano_abierta
283.4059405940594,81531.36,284.1199021749113,658,9.372299611087985,16.95265170081365,28624,Mano_abierta
267.13861386138615,72870.51,268.60569577352635,649,8.727542609463445,22.979315753357515,26981,Mano_abierta
242.56435643564356,59564.37,242.84691425335475,731,10.37448793917078,9.014214292716403,24499,Mano_abierta
243.3960396039604,60102.45,243.94133769745497,591,9.642095207992918,13.635525928830507,24583,Mano_abierta
253.12871287128712,64962.94,253.6133722307588,543,7.423610981186986,12.503676110185282,25566,Mano_abierta
244.64356435643563,60618.71,244.98678485272475,542,7.022819946431775,9.737672777178707,24709,Mano_abierta
238.02970297029702,57719.17,239.05583671876101,668,9.323089616645332,17.30673463385942,24041,Mano_abierta
258.5049504950495,68216.07,259.8858660380295,817,10.882554847093582,17.926281737084597,26109,Mano_abierta
285.1559633027523,85033.74074074074,290.2647320617837,789,9.740617517879944,41.22498106220013,31082,Mano_abierta
250.40594059405942,63843.81,251.41935699008326,897,12.851069994362337,19.796686599353013,25291,Mano_abierta
252.72277227722773,64907.73,253.5055802303389,836,11.75244655380317,16.970885207332614,25525,Mano_abierta
235.64356435643563,56364.64,236.2341513359695,463,5.977457653551382,12.841094010391133,23800,Mano_abierta
256.1636363636364,67772.18348623853,259.1448875190725,769,9.811526641959015,32.841322314049606,28178,Mano_abierta
246.02970297029702,61694.27,247.1506335083209,654,9.243376006633074,17.854720125477893,24849,Mano_abierta
239.76237623762376,58352.3,240.3633800216779,604,8.37137981458254,11.228310949906874,24216,Mano_abierta
246.69306930693068,61728.9,247.21998861798622,613,8.10617048920142,14.666405254386827,24916,Mano_abierta
247.74257425742573,62443.82,248.64747003827657,587,8.416056083463323,17.655131849818645,25022,Mano_abierta
256.8811881188119,66925.73,257.4161980332648,691,9.467312184564317,13.913930006862069,25945,Mano_abierta
238.79207920792078,57804.64,239.23276705268273,640,9.012213934433648,10.989706891481227,24118,Mano_abierta
241.15841584158414,58896.57,241.4817501252721,615,9.125239722878517,10.03391824330948,24357,Mano_abierta
227.59405940594058,52441.71,227.86505907776834,711,10.605187409942364,8.040584256445445,22987,Mano_abierta
249.7029702970297,63293.58,250.33359920531865,576,7.585512507405152,15.173414371140082,25220,Mano_abierta
235.54455445544554,56156.42,235.79740422995363,588,7.982480817390043,8.85422997745319,23790,Mano_abierta
232.26732673267327,54763.27,232.8541590909224,591,9.9,13.26418978531516,23459,Mano_abierta
223.9009900990099,50912.48,224.5181418941551,655,9.22767576370128,13.642780119596116,22614,Mano_abierta
227.94059405940595,52708.92,228.44485002939,468,7.236021006050217,12.285854328007064,23022,Mano_abierta
224.13861386138615,50834.92,224.34706140352282,456,6.843975452907469,7.7488481521419486,22638,Mano_abierta
238.34653465346534,57685.45,238.98599735275928,701,10.445573225055675,14.793255563180077,24073,Mano_abierta
237.7,57156.266055045875,237.98458697227355,730,9.23495553155102,9.327272727272724,26147,Mano_abierta
248.5742574257426,62792.96,249.34162814249945,745,10.529482418428742,16.80913635918047,25106,Mano_abierta
246.54455445544554,61771.97,247.30621976940586,692,10.922453936730518,16.441917459072645,24901,Mano_abierta
249.92079207920793,63523.96,250.78877546850077,557,8.394641147779934,17.520831291049895,25242,Mano_abierta
246.04950495049505,61619.41,247.00064135884983,607,8.327664738688751,18.67169885305362,24851,Mano_abierta
236.23762376237624,56634.66,236.79932599582966,400,6.238589584192889,12.592490932261542,23860,Mano_abierta
230.6039603960396,53891.59,230.9935278335523,597,8.678133439859058,10.467993333986865,23291,Mano_abierta
262.94059405940595,70181.79,263.60371923036143,541,7.605918747922567,16.23115380845015,26557,Mano_abierta
257.83168316831683,67484.83,258.4891939063152,558,7.559100475585703,16.100774433879035,26041,Mano_abierta
234.17821782178217,55615.84,234.65972837027635,571,7.910120100226039,12.737966865993535,23652,Mano_abierta
244.78217821782178,61060.61,245.8781192073636,560,7.674633541739957,19.974512302715425,24723,Mano_abierta
238.93069306930693,57852.32,239.3314119635683,593,8.130805618141416,12.067248308989315,24132,Mano_abierta
249.0891089108911,63612.98,250.9644367532011,696,9.82344135219425,28.04823056563083,25158,Mano_abierta
258.54455445544556,67835.03,259.15901689812756,544,7.152621896899066,15.43907460052936,26113,Mano_abierta
241.13861386138615,58941.53,241.57390276072766,673,10.246462804304713,11.81433192824233,24355,Mano_abierta
241.37623762376236,59404.09,242.5199593705007,588,8.541662601625049,18.640329379472597,24379,Mano_abierta
238.06363636363636,57324.577981651375,238.33473404970889,799,10.12445490660921,9.129752066115705,26187,Mano_abierta
242.20792079207922,59400.31,242.51224323487645,609,8.40892383126402,9.806489559847074,24463,Mano_abierta
245.11881188118812,60797.99,245.34879193297508,594,7.904429138147801,8.260954808352121,24757,Mano_abierta
238.2871287128713,57493.55,238.58815337458202,500,6.978538528947161,9.701793941770413,24067,Mano_abierta
237.77570093457945,57242.981132075474,238.1344158243407,623,9.427478904275842,9.941130229714386,25442,Mano_abierta
234.98019801980197,55968.99,235.40357173194806,504,7.483314773547883,11.541221448877558,23733,Mano_abierta
250.3861386138614,63607.49,250.95360700991554,525,7.447818472546173,13.291834133908438,25289,Mano_abierta
249.54455445544554,63025.66,249.8032096758495,677,9.641058033224361,8.881090089206939,25204,Mano_abierta
251.65346534653466,64287.89,252.29224371277007,691,9.518928511129811,13.184589746103324,25417,Mano_abierta
235.45544554455446,56308.23,236.11590961279427,604,8.730406634286858,14.427605136751296,23781,Mano_abierta
232.83168316831683,54989.64,233.33492691582174,578,7.9158069708653205,12.902460543084008,23516,Mano_abierta
247.4950495049505,62150.69,248.06317065147613,555,7.617742447733449,14.113714341731205,24997,Mano_abierta
237.6138613861386,57245.99,238.07393393608208,536,7.712327793863536,13.081266542495829,23999,Mano_abierta
234.79207920792078,55854.22,235.16208861292264,540,7.299315036357863,10.328007058131554,23714,Mano_abierta
251.20792079207922,63989.98,251.70700395814208,646,8.73384222435922,12.843642780119596,25372,Mano_abierta
268.41584158415844,73988.78,270.65885875356486,834,11.73200750084997,28.073130085285765,27110,Mano_abierta
236.24545454545455,56404.79816513762,236.41494722780806,614,7.985077826164768,7.095537190082645,25987,Mano_abierta
226.35643564356437,51882.54,226.64697545996177,550,8.175573374387879,8.294676992451722,22862,Mano_abierta
233.37623762376236,55316.85,234.0281145842131,771,12.037856952132302,14.97166944417214,23571,Mano_abierta
254.22772277227722,65787.67,255.21815556635673,757,10.718675291284834,19.62415449465739,25677,Mano_abierta
242.21782178217822,59517.42,242.7511866373909,669,9.381364506296512,12.16233702578179,24464,Mano_abierta
240.45544554455446,58793.44,241.27023590296685,696,10.115334893121434,15.297323791785118,24286,Mano_abierta
280.6930693069307,79906.38,281.27429268024525,587,7.887331614684398,15.429467699245176,28350,Mano_abierta
238.11881188118812,57514.12,238.6308305046243,657,8.579627031520658,12.90069601019508,24050,Mano_abierta
246.82178217821783,61683.59,247.1292402491834,522,7.497999733262199,10.032937947260072,24929,Mano_abierta
254.78217821782178,65703.83,255.0554783369747,572,8.204876598706406,9.54671110675424,25733,Mano_abierta
259.1980198019802,68295.69,260.0374877772529,571,7.670071707617863,17.30085285756298,26179,Mano_abierta
240.52475247524754,58595.33,240.8634015740494,582,8.820430828479978,10.566611116557201,24293,Mano_abierta
233.73267326732673,55293.49,233.97869497663734,556,8.306623862918075,8.770316635623958,23607,Mano_abierta
247.59405940594058,62120.87,248.0036529593629,642,8.119113252073776,12.267620821488084,25007,Mano_abierta
247.88118811881188,62340.96,248.44259452090182,540,7.046985170979147,14.08881482207627,25036,Mano_abierta
235.72277227722773,56294.0,236.08607257389482,496,6.340346993658944,10.637584550534264,23808,Mano_abierta
243.74257425742573,60230.94,244.20195343077407,623,8.703447592764606,10.699539260856776,24618,Mano_abierta
241.63366336633663,59201.67,242.10641224776586,512,7.0611613775638915,11.645328889324574,24405,Mano_abierta
238.47524752475246,57579.28,238.76596934825506,427,5.994163828258284,10.020586217037543,24086,Mano_abierta
262.84158415841586,70371.93,263.96056186071013,682,9.035485598461214,21.436721890010784,26547,Mano_abierta
268.1485148514852,74590.77,271.757700028449,546,7.669419795525604,36.92226252328203,27083,Mano_abierta
251.05940594059405,64122.07,251.9666605323053,635,8.682741502543998,18.35584746593471,25357,Mano_abierta
233.79207920792078,55324.63,234.04457136652115,559,7.956758133813042,8.514459366728751,23613,Mano_abierta
254.94059405940595,66263.59,256.1396393600279,664,10.399038417084533,20.219390255857277,25749,Mano_abierta
239.27722772277227,57956.71,239.54724207996804,666,9.084051959340611,8.915792569355943,24167,Mano_abierta
251.15841584158414,63883.67,251.49782984320478,764,11.175866856758809,10.764434859327519,25367,Mano_abierta
244.20792079207922,60556.11,244.8602551547626,584,7.9158069708653205,14.756984609352026,24665,Mano_abierta
251.5742574257426,64288.41,252.29326405813714,705,8.874119674649425,15.222429173610431,25409,Mano_abierta
256.18811881188117,66466.45,256.5314139372285,657,9.467312184564317,10.72090971473385,25875,Mano_abierta
233.62376237623764,55408.44,234.2217786290558,656,9.15969431804359,14.099990197039508,23596,Mano_abierta
256.6237623762376,67413.47,258.35249157108996,590,8.244998483929516,25.896872855602382,25919,Mano_abierta
266.2079207920792,72593.37,268.0944306813856,694,9.720082304178293,24.643074208410944,26887,Mano_abierta
241.86274509803923,59328.851485148516,242.3782087532445,661,9.739681008052258,12.80738177623991,24670,Mano_abierta
242.03960396039605,59357.06,242.4239392812386,703,10.144456614328833,11.422997745319089,24446,Mano_abierta
240.64356435643563,58699.65,241.077716403932,521,7.280796659706958,11.596314086854223,24305,Mano_abierta
251.12871287128712,63924.86,251.57889536695922,738,10.076705810928491,12.461523380060783,25364,Mano_abierta
245.59405940594058,61220.35,246.19952867703074,680,10.184301645179211,13.58141358690324,24805,Mano_abierta
263.6237623762376,70952.76,265.04765123604204,599,8.922443611477744,24.62993824134889,26626,Mano_abierta
233.58415841584159,55281.78,233.95391777776314,554,7.871467461661771,10.141162631114597,23592,Mano_abierta
234.5742574257426,55668.08,234.76991053175684,427,6.1489836558572835,7.70571512596804,23692,Mano_abierta
238.5742574257426,57758.74,239.13776633382005,530,7.022819946431775,13.090089206940497,24096,Mano_abierta
286.73267326732673,83647.2,287.7829214894277,543,7.256031973468694,21.603176159200082,28960,Mano_abierta
248.13861386138615,62485.2,248.729842707837,556,7.3824115301167,15.066758160964614,25062,Mano_abierta
248.7128712871287,62666.96,249.09133876854278,589,8.31324244804637,10.558768748161944,25120,Mano_abierta
265.79245283018867,72534.41904761904,268.0487494383656,653,8.196979699284134,29.711641153435384,28174,Mano_abierta
270.0495049504951,74904.59,272.32877261875876,565,7.336893075410054,25.13988824625039,27275,Mano_abierta
231.16831683168317,54078.66,231.39409612773676,581,8.912350980521358,8.285658268797174,23348,Mano_abierta
229.27722772277227,53208.15,229.5241526150644,395,5.3188344587888805,9.043427114988726,23157,Mano_abierta
241.91176470588235,59327.67326732673,242.3758020342887,644,9.471165202710262,12.482698961937718,24675,Mano_abierta
249.98019801980197,63459.2,250.66090857792108,611,8.798295289429651,15.268699147142435,25248,Mano_abierta
247.5742574257426,62184.97,248.1315724121434,650,9.09945053286186,12.633859425546515,25005,Mano_abierta
238.07920792079207,57368.82,238.32920903906873,527,7.415524256584965,9.11440054896579,24046,Mano_abierta
251.83168316831683,64576.63,252.8581765056107,644,9.204346799203082,17.48652092932065,25435,Mano_abierta
264.0693069306931,70937.07,265.01834421842807,678,9.386160024205852,17.431624350553868,26671,Mano_abierta
250.32673267326732,63618.57,250.9754632794147,433,5.74543296888929,16.125477894324085,25283,Mano_abierta
243.47524752475246,59976.87,243.68635498107068,637,9.389888178247919,8.082933045779827,24591,Mano_abierta
267.6930693069307,73000.89,268.8458831949842,637,8.290355842785036,21.077737476717967,27037,Mano_abierta
254.54455445544554,65818.93,255.27878373602178,582,9.135644476444998,15.927065973924122,25709,Mano_abierta
240.30693069306932,58489.73,240.6462627226449,650,9.397872099576585,10.300754827958043,24271,Mano_abierta
244.07920792079207,60451.7,244.6490717677704,662,9.654014708917737,13.996666993432012,24652,Mano_abierta
241.41584158415841,58990.53,241.67429599883943,610,9.120307012376283,9.2153710420547,24383,Mano_abierta
251.12871287128712,63984.8,251.6968158891027,630,8.499411744350311,14.318400156847371,25364,Mano_abierta
261.0,69313.53,261.96804657389526,726,9.38829057922687,19.584158415841586,26361,Mano_abierta
236.21782178217822,56444.36,236.40115259976008,445,5.927056605094978,7.4253504558376635,23858,Mano_abierta
246.69607843137254,61590.544554455446,246.95488593318925,701,10.436512448093373,8.515378700499808,25163,Mano_abierta
243.45544554455446,60132.93,244.00318533872777,457,6.840321629865075,12.618566807175773,24589,Mano_abierta
246.07920792079207,61930.54,247.62343656575334,644,8.635971282953644,23.43338888344279,24854,Mano_abierta
261.9009900990099,69644.82,262.59334973820773,702,10.900458705944443,15.650818547201258,26452,Mano_abierta
280.48514851485146,80161.49,281.7229346027549,722,10.71820880557941,22.677188510930293,28329,Mano_abierta
284.990099009901,83778.5,288.0086976134403,700,10.124228365658293,35.69101068522693,28784,Mano_abierta
258.3168316831683,68412.84,260.2604179442484,703,9.226592003551474,26.905793549651985,26090,Mano_abierta
256.4752475247525,66648.84,256.8831456033064,516,6.75869809948632,12.16410155867072,25904,Mano_abierta
244.30693069306932,60788.85,245.33034911730715,603,8.55277732669336,19.59847073816293,24675,Mano_abierta
237.02,56996.68686868687,237.54309082774856,760,10.931374547372782,13.300799999999999,23702,Mano_abierta
239.74257425742573,58279.32,240.21302427158892,729,10.653168542738822,11.922752671306736,24214,Mano_abierta
245.27722772277227,61017.93,245.79217253445628,641,8.809653795694812,13.178707969806881,24773,Mano_abierta
250.4950495049505,63730.76,251.19666075853323,753,10.995908329919816,15.14341731202823,25300,Mano_abierta
268.0495049504951,73554.61,269.8635702251296,709,10.153324578678651,28.196451328301144,27073,Mano_abierta
251.36633663366337,64281.54,252.27978339318213,468,6.254598308444756,18.112537986471917,25388,Mano_abierta
237.94059405940595,57483.34,238.56696757892107,566,7.83836717690617,13.934320164689735,24032,Mano_abierta
238.32673267326732,57569.33,238.7453384543107,646,8.843076387773658,10.810508773649639,24071,Mano_abierta
238.59405940594058,57826.66,239.27832917312256,635,9.563994981178105,13.83021272424272,24098,Mano_abierta
245.52475247524754,61111.46,245.9804789807597,576,8.196340646898468,11.908636408195276,24798,Mano_abierta
235.96039603960395,56485.9,236.4881258401071,480,6.8833131557412095,11.74375061268503,23832,Mano_abierta
236.43564356435644,56681.98,236.89823189975,645,8.93364427319557,11.980394079011866,23880,Mano_abierta
229.56435643564356,53512.92,230.18055762577103,467,6.949100661236676,13.666699343201648,23186,Mano_abierta
267.93,73977.24242424243,270.6242228626255,668,9.846293462491099,30.781599999999994,26793,Mano_abierta
219.93069306930693,48932.03,220.10805177331778,746,10.560303025955267,6.969316733653564,22213,Mano_abierta
244.8910891089109,60840.3,245.43414756728373,622,8.917398723843181,14.354082933045776,24734,Mano_abierta
236.79207920792078,56782.08,237.10731998004366,531,8.02932126645833,10.420350945985689,23916,Mano_abierta
246.12871287128712,61396.05,246.55256704571477,763,10.734523743510934,11.511616508185474,24859,Mano_abierta
250.14851485148515,63957.09,251.64230861512243,655,9.219002115196632,24.125085775904328,25265,Mano_abierta
241.26732673267327,59062.68,241.82204405326453,702,10.414413089560064,12.21860601901774,24368,Mano_abierta
221.1089108910891,49477.58,221.33165831009586,633,9.109884741312593,8.096265072051755,22332,Mano_abierta
247.97029702970298,63516.85,250.77474014946102,652,8.721238444166058,32.11783158513871,25045,Mano_abierta
265.13861386138615,71437.65,265.9517748289217,596,8.805679985100527,16.464464268209,26779,Mano_abierta
216.009900990099,47189.61,216.15361699174468,505,7.503998933901843,6.428193314380942,21817,Mano_abierta
233.25742574257427,55099.41,233.5677017207831,534,7.435052118176443,9.784138809920595,23559,Mano_abierta
236.97029702970298,56839.42,237.2270082965819,519,8.602906485601247,8.463876090579358,23934,Mano_abierta
228.45544554455446,52855.66,228.76262070902968,734,11.338430226446693,9.417704146652289,23074,Mano_abierta
237.69306930693068,57324.15,238.23640393192608,487,6.904346457123947,12.69679443191844,24007,Mano_abierta
263.18811881188117,71641.12,266.3302498406781,806,11.15437134042076,33.70983236937556,26582,Mano_abierta
221.01980198019803,49415.73,221.1932759975643,452,6.2960304954788775,7.427114988726598,22323,Mano_abierta
233.03960396039605,55259.49,233.9067470951483,509,6.854925236645546,15.631212626213118,23537,Mano_abierta
237.31683168316832,57125.25,237.8227353836183,492,7.193052203341778,12.809724536810123,23969,Mano_abierta
215.87128712871288,47123.95,216.0031857117477,393,5.469003565550127,5.7135574943632985,21803,Mano_abierta
228.7029702970297,52957.43,228.98274828008547,597,8.178630692236935,9.053034016272914,23099,Mano_abierta
240.32673267326732,59264.93,242.2357292284759,473,6.245798587850876,26.599156945397514,24273,Mano_abierta
266.23762376237624,73171.58,269.16000615041435,738,10.208819716304133,32.817959023625136,26890,Mano_abierta
263.9306930693069,70702.93,264.5806134056292,663,8.880878334939625,14.057641407705127,26657,Mano_abierta
242.88118811881188,60026.89,243.78794957182697,594,8.115417426109392,18.714047642388,24531,Mano_abierta
241.6039603960396,59200.66,242.10434703136815,633,9.021640649017229,12.637192432114498,24402,Mano_abierta
215.8019801980198,47277.06,216.35380814080833,539,7.395268757793729,10.307616900303891,21796,Mano_abierta
231.55445544554456,54452.53,232.19258394618024,466,6.249799996799898,13.877855112243898,23387,Mano_abierta
233.1881188118812,55326.5,234.0485267445346,698,10.067770358922575,15.31261641015587,23552,Mano_abierta
241.65346534653466,59254.97,242.21537343594207,731,10.899082530194915,12.92951671404764,24407,Mano_abierta
240.66336633663366,58636.89,240.94880521113456,567,8.181075723888638,9.745907263993725,24307,Mano_abierta
250.86138613861385,63992.35,251.71166515725415,568,8.230431337420901,17.12185079894128,25337,Mano_abierta
241.63366336633663,59582.33,242.8835234028732,621,8.314445261110329,20.468385452406626,24405,Mano_abierta
236.06930693069307,56529.47,236.57931498173656,665,9.116468614545875,12.156063131065583,23843,Mano_abierta
220.5049504950495,49281.59,220.89285517043447,653,9.958413528268446,10.322517400254876,22271,Mano_abierta
231.78217821782178,54464.26,232.21759171300977,591,8.83911760301898,11.053426134692673,23410,Mano_abierta
225.7128712871287,51535.69,225.88810425421778,493,7.370888684548153,6.946181746887561,22797,Mano_abierta
240.63366336633663,58908.16,241.50550902844662,792,11.206248257110852,17.77257131653759,24304,Mano_abierta
223.46534653465346,50673.74,223.99111545322552,661,9.25904962725657,12.535829820605823,22570,Mano_abierta
225.63366336633663,51577.19,225.9790360906853,626,8.423775875461075,10.07097343397706,22789,Mano_abierta
219.6138613861386,48829.59,219.87753116876513,615,8.579627031520658,9.02813449661798,22181,Mano_abierta
248.55445544554456,63195.28,250.13912960273896,466,6.624198064671678,23.68630526418979,25104,Mano_abierta
250.5742574257426,64289.1,252.2946179715805,650,9.197825830053535,24.040192138025677,25308,Mano_abierta
232.27450980392157,55320.35643564357,234.04700382615454,569,8.571770384509403,24.073433294886573,23692,Mano_abierta
229.96039603960395,53953.22,231.12557128749364,561,8.174961773610931,17.099107930595036,23226,Mano_abierta
245.20792079207922,60999.14,245.75432472046526,677,9.158056562393574,13.588667777668856,24766,Mano_abierta
232.24752475247524,54611.91,232.53214405712166,510,7.6406805979572265,9.398294284874032,23457,Mano_abierta
254.35643564356437,65632.5,254.91699289636762,693,10.621205204683694,12.678168806979707,25690,Mano_abierta
267.4752475247525,72831.55,268.53388155790407,657,9.338629449764028,19.835898441329277,27015,Mano_abierta
251.47524752475246,65133.37,253.94583113041028,754,10.170545708072895,29.869620625428876,25399,Mano_abierta
233.43564356435644,55398.53,234.20083198607622,602,8.100617260431454,14.805999411822366,23577,Mano_abierta
