MAV_total,VAR_total,RMS_total,Wav_Leng,Dasdv,Damv,iav,Mano_cerrada
758.8079800498754,641081.39,799.6766116948592,7750,37.15696435394044,194.09594467696095,304282,Mano cerrada
769.2618453865337,627963.05,791.4524984840268,7454,28.033105429117196,154.13091958383345,308474,Mano cerrada
614.1770573566084,400217.0675,631.8378114279998,8552,35.7996508362861,121.47186895603885,246285,Mano cerrada
532.0448877805486,310214.935,556.2745110741844,7756,26.127858695270074,140.19165303698358,213350,Mano cerrada
521.6359102244389,297980.745,545.1950576379228,8786,33.58504131306079,126.27785896853877,209176,Mano cerrada
442.9127182044888,211774.375,459.61533846426505,8238,31.79300237473649,95.48808776064827,177608,Mano cerrada
494.90274314214463,289660.21,537.5294088109583,10136,38.17112783243377,168.07837015938955,198456,Mano cerrada
426.857855361596,197279.105,443.6069624759143,8056,27.83819318849555,97.67736519051496,171170,Mano cerrada
368.0,158020.51,397.0219690272496,8024,29.660495612851786,117.1571072319202,147568,Mano cerrada
331.72568578553614,120402.705,346.5580021840579,6607,22.651876301975516,78.39876617682727,133022,Mano cerrada
706.6384039900249,543489.255,736.297440033239,7097,26.31990691472901,172.02557198027375,283362,Mano cerrada
439.40897755610973,219210.6725,467.6152397739277,7026,25.16932657025213,126.82076604001219,176203,Mano cerrada
536.4912718204489,333145.8825,576.4677742624407,7039,24.846176768267586,170.32258505855066,215133,Mano cerrada
334.3665835411471,123723.4325,351.30456197129774,6914,24.014058382539172,87.11345078699759,134081,Mano cerrada
359.91770573566083,145290.5725,380.69443372647856,8419,30.10477536870189,99.3947550077425,144327,Mano cerrada
544.4114713216958,316998.6675,562.3238809904569,6910,23.28948260481542,108.19746145857302,218309,Mano cerrada
359.99501246882795,150469.87,387.4204865729984,7312,30.3386716914238,109.65993992574673,144358,Mano cerrada
407.4413965087282,186982.95,431.8757441141083,9115,33.39666899557499,113.97123152219204,163384,Mano cerrada
578.1321695760598,378326.3125,614.3149480206354,7604,29.55960080921256,172.23084433554519,231831,Mano cerrada
364.6783042394015,150318.1,387.22505328976564,7673,28.621102354731203,103.65500214550904,146236,Mano cerrada
338.55361596009976,136911.7,369.55415613170214,7967,32.85403323794508,115.81516284102712,135760,Mano cerrada
313.98753117206985,115195.9625,338.9818443118559,6912,26.18978808619879,102.75290576551143,125909,Mano cerrada
378.4912718204489,167688.6025,408.9870736758256,8972,35.48767391644598,117.49596084601465,151775,Mano cerrada
297.6184538653367,98244.8275,313.0492420214024,6788,23.475625657264175,75.93231385376957,119345,Mano cerrada
326.3815461346633,123765.7625,351.3646534595478,7285,26.767937910866426,98.56485967127068,130879,Mano cerrada
295.8952618453865,97578.73,311.9862040558797,6470,22.45551157288562,72.96598901748123,118654,Mano cerrada
299.38653366583543,101257.46,317.8127556139349,6791,24.009945855832328,85.22011679031849,120054,Mano cerrada
284.18952618453864,86354.03,293.4939237731687,5887,18.782638259839857,56.9357777625761,113960,Mano cerrada
378.99501246882795,175972.0375,418.9668298192329,9492,37.19536261417544,127.96365694243195,151977,Mano cerrada
330.498753117207,119899.555,345.83312972582615,6513,25.37720433775163,75.78146902071504,132530,Mano cerrada
382.7556109725686,185106.2625,429.70297982771535,9192,37.631702060895414,150.18073270688615,153485,Mano cerrada
369.34912718204487,164160.2475,404.6614267806971,9276,35.58644404826085,126.61614044688777,148109,Mano cerrada
471.1695760598504,244838.3275,494.19404903816695,7410,25.439634431335683,129.01373747675697,188939,Mano cerrada
485.66832917705733,279113.0325,527.652338216119,7184,25.489998038446373,168.65345364767634,194753,Mano cerrada
406.2269326683292,178826.8125,422.35158381273675,5761,19.328929096046682,86.52097934714337,162897,Mano cerrada
299.25187032418955,95019.54,307.867802053328,5635,18.91765048836668,57.90503790399314,120000,Mano cerrada
383.214463840399,163136.0975,403.3971669635453,7308,28.68675652631367,93.7982226478691,153669,Mano cerrada
316.7780548628429,110149.97,331.4744059433718,6608,22.87859261405736,76.28461265788148,127028,Mano cerrada
321.77556109725685,115650.175,339.6494819274219,6864,27.061873549331356,85.20103730698192,129032,Mano cerrada
371.75311720698255,156823.0175,395.5147755215478,7223,30.626499963267104,110.12330769087258,149073,Mano cerrada
348.5137157107232,131424.595,362.07299383940585,6386,21.020466217474816,79.61041287056672,139754,Mano cerrada
396.9650872817955,173453.3225,415.95765478419327,7154,27.61892467131912,94.26517248027064,159183,Mano cerrada
318.640897755611,114151.4825,337.44157340396964,6664,24.5144855136713,84.78914932121067,127775,Mano cerrada
367.53366583541145,150102.4225,386.94715691472527,7285,25.988122286921772,102.66839136572534,147381,Mano cerrada
445.1047381546135,216770.5525,465.0053521800687,7699,29.31172973401604,106.63381446632793,178487,Mano cerrada
362.09226932668327,143605.5075,378.48036808721196,6323,21.02813591358017,91.4787967736519,145199,Mano cerrada
430.1197007481297,209087.33,456.6901742012522,7368,25.99201800553393,123.45236658976,172478,Mano cerrada
436.82543640897757,216887.8325,465.13112676672347,8068,31.974286544034097,128.74587844602956,175167,Mano cerrada
363.01246882793015,145716.315,381.25179693783633,7305,24.91891851585859,96.70887618858092,145568,Mano cerrada
486.640897755611,263088.9475,512.2820173855982,10244,37.252785130779145,131.49445588024952,195143,Mano cerrada
443.03241895261846,220176.485,468.64423229018075,8545,30.344645326647008,128.84258182473988,177656,Mano cerrada
461.8952618453865,234378.08,483.52207396351105,8111,29.255469574081356,121.22591277417429,185220,Mano cerrada
451.4788029925187,230928.3275,479.950462427155,8618,34.983639033125186,127.43926965628322,181043,Mano cerrada
511.03990024937656,285767.3125,533.9051187341004,10891,40.76956585493645,126.85794242573118,204927,Mano cerrada
544.7007481296758,333800.8425,577.0341596876082,9006,34.05935994701016,155.86077201012435,218425,Mano cerrada
425.91770573566083,215920.1225,464.0923058284602,10244,40.30229521999957,137.69753919440797,170793,Mano cerrada
520.997506234414,303143.645,549.8978776195393,9981,35.91660479499698,144.2314289090242,208920,Mano cerrada
562.8204488778055,352812.8025,593.2393868202051,8264,30.658522469290656,158.70611501172257,225691,Mano cerrada
489.05985037406487,268200.3575,517.2345006651279,10122,37.282100262726615,133.93987599579603,196113,Mano cerrada
431.3890274314214,215893.3825,464.0635678573237,9476,35.67667305116888,140.55267069234645,172987,Mano cerrada
403.8852867830424,192540.75,438.24718881441856,8723,34.32677526363349,131.478485830312,161958,Mano cerrada
407.8678304239402,194937.4825,440.9663866041415,9360,35.3301570899423,130.2189538622272,163555,Mano cerrada
367.2643391521197,151288.6175,388.47308677966316,7660,28.02784329911954,100.13526035285851,147273,Mano cerrada
400.0947630922693,182980.08,427.2280077120016,8851,33.452316810648554,115.36215570798689,160438,Mano cerrada
380.7630922693267,161722.265,401.64532560587253,7803,29.81648034225368,93.08090123817638,152686,Mano cerrada
386.8354114713217,173499.9475,416.01355663216754,8287,31.575979794774383,123.75317317678375,155121,Mano cerrada
374.7805486284289,158574.9275,397.71783817549914,8207,30.00229157914442,105.33052655145181,150287,Mano cerrada
376.26184538653365,175513.5725,418.4207007223919,8612,38.26852492584474,131.60638304488157,150881,Mano cerrada
458.1920199501247,249965.9075,499.3421183138816,8536,31.08247094424766,169.77598398019913,183735,Mano cerrada
456.9551122194514,246821.1525,496.1911309203239,9228,32.48068656909825,162.91177293673547,183239,Mano cerrada
532.7655860349128,313715.1825,559.4040135484056,7796,27.885300787332383,141.51819951368464,213639,Mano cerrada
396.45137157107234,183265.1075,427.5606241011858,8775,36.367877309515876,122.76164949222952,158977,Mano cerrada
359.84039900249377,152085.8,389.4952293235893,8471,33.077220258056755,111.20031591843335,144296,Mano cerrada
408.65835411471323,190818.78,436.2830763314878,8301,30.12801852097147,117.20409698944658,163872,Mano cerrada
373.96009975062344,176481.84,419.57327805861024,8080,33.57640540617771,154.2564785044869,149958,Mano cerrada
463.0448877805486,250586.1625,499.9612578506668,7973,29.313435486138435,165.66834783365778,185681,Mano cerrada
463.0872817955112,238187.77,487.43592967297724,7325,25.765141179508408,126.53775784976462,185698,Mano cerrada
303.3366583541147,111243.535,333.11577522049015,6471,24.502295810801076,111.99272392584624,121638,Mano cerrada
308.63591022443893,120882.9875,347.24851859415526,7747,30.19581924704147,128.7538510332647,123763,Mano cerrada
326.43890274314214,121633.855,348.3253201797197,6854,24.719830096503497,96.47829304544125,130902,Mano cerrada
305.29675810473816,114629.02,338.1466576720271,7081,29.89686438407881,103.39992910491851,122424,Mano cerrada
334.501246882793,146594.3025,382.39865412069213,8570,34.37760899190052,142.84720866163767,134135,Mano cerrada
327.45885286783044,132191.6925,363.1281280849554,8109,33.50361920748264,116.97078998264939,131311,Mano cerrada
325.53117206982546,131214.525,361.7835081000336,7224,27.896774007042463,122.01610686500707,130538,Mano cerrada
341.54862842892766,147791.3925,383.95681451365243,8595,34.594038503765354,136.62135185726456,136961,Mano cerrada
336.55361596009976,137610.595,370.4961894998587,8262,31.044484212175277,125.44760293779267,134958,Mano cerrada
319.7581047381546,127019.0575,355.9526678445266,7890,30.780513316057615,122.50170086006926,128223,Mano cerrada
340.57605985037407,149923.3275,386.7162446359561,8606,34.7277986633187,144.4175595922911,136571,Mano cerrada
523.3416458852868,312610.45,558.4181881152825,6917,24.67503799389172,169.4406253692452,209860,Mano cerrada
699.1197007481297,523616.3125,722.7105479786503,8678,31.8188623303851,150.67421222504836,280347,Mano cerrada
393.50374064837905,181840.0325,425.895017680165,7535,29.51207380039566,135.02189662999606,157795,Mano cerrada
371.354114713217,170865.8425,412.84348504263045,7693,28.339768876968634,156.36746040136566,148913,Mano cerrada
337.71820448877804,139953.9625,373.63745813915426,7558,29.39268616509896,126.19907836394052,135425,Mano cerrada
309.072319201995,121258.385,347.7872841443011,7679,30.175113918591922,124.60683702215782,123938,Mano cerrada
281.5586034912718,93124.2825,304.7819751380933,6629,25.43712837566379,89.67447963632064,112905,Mano cerrada
310.0349127182045,126538.28,355.2783742250856,8504,34.3582595601116,135.24918377373274,124324,Mano cerrada
279.32668329177056,102572.27,319.8694715082897,7332,30.3236706221394,120.02555954254018,112010,Mano cerrada
281.19451371571074,102569.6275,319.86535119135374,7789,29.64316953363793,117.18158469163751,112759,Mano cerrada
316.15960099750623,137531.4,370.3895637402339,8659,36.8395507573043,146.44334301403595,126780,Mano cerrada
339.74064837905235,168081.08,409.465413908223,5925,55.688171993700784,184.94251901418522,136236,Mano cerrada
388.43890274314214,191151.275,436.6630148394507,6707,27.863372014169425,164.3568758900753,155764,Mano cerrada
347.06733167082297,143269.36,378.03714076860064,5702,23.056777745383243,119.97691556644548,139174,Mano cerrada
373.8728179551122,164651.0225,405.26586513841016,6318,26.442106572661718,130.0752856014577,149923,Mano cerrada
378.5087281795511,175210.445,418.05921975474376,6420,25.448280884963527,150.60676239575625,151782,Mano cerrada
420.8802992518703,214119.9725,462.1536621961323,7149,26.955101557961157,161.26920852482263,168773,Mano cerrada
321.6209476309227,120042.64,346.03942231415084,4800,19.83885077316728,103.84399350750307,128970,Mano cerrada
393.18204488778053,199701.845,446.3225687901871,7130,28.391724146307144,177.64843502217028,157666,Mano cerrada
413.3291770573566,209005.9975,456.60134202185566,6624,28.22773458852127,162.70130160882084,165745,Mano cerrada
385.640897755611,185797.79,430.50488251045033,6821,30.914034029870642,160.69540612309623,154642,Mano cerrada
405.1720698254364,202091.675,448.98519545265725,7877,46.11461265152294,158.36932606140505,162474,Mano cerrada
452.1197007481297,261695.58,510.9236465153855,7741,34.07957599501496,202.9299071523187,181300,Mano cerrada
501.9775561097257,294678.1575,542.1653799827783,7429,30.73275939449629,169.51327417118054,201293,Mano cerrada
389.8453865336658,182604.885,426.78977403628727,6053,25.99062330918595,142.3716270421204,156328,Mano cerrada
323.38653366583543,131046.665,361.55202300175057,5489,25.74485385470269,128.18656600394277,129678,Mano cerrada
363.8354114713217,159792.635,399.2419687682335,5933,26.015235920513962,132.67599082095265,145898,Mano cerrada
348.23192019950125,141346.3125,375.49144854467,5814,23.25413941645659,112.07152940591166,139641,Mano cerrada
342.0798004987531,147673.985,383.80427394474697,5954,27.063628729348178,140.27287143736666,137174,Mano cerrada
330.45386533665834,140803.73,374.7700608422992,5733,27.928614358754,133.19473137604865,132512,Mano cerrada
363.2369077306733,156428.145,395.0165184841157,5529,22.21232765830722,122.27426446352948,145658,Mano cerrada
375.81296758104736,179139.1325,422.7202402254467,6325,27.90327041764101,156.8328679548013,150701,Mano cerrada
359.1845386533666,153595.2175,391.4232837126823,6175,24.21905241746671,126.41885311658508,144033,Mano cerrada
418.45137157107234,213512.1625,461.49725158115257,6135,25.675523363701856,162.67235900274252,167799,Mano cerrada
365.7007481296758,161875.095,401.8350612612753,5956,24.53507693079441,135.08479424879198,146646,Mano cerrada
379.211970074813,179702.825,423.3847993011815,6672,26.71216951129204,156.53105391135628,152064,Mano cerrada
376.5635910224439,178716.4,422.2211780477383,5876,23.575941126495884,156.19282218394167,151002,Mano cerrada
329.2418952618454,130723.835,361.1064114620543,5121,21.824699310643435,120.40361689292979,132026,Mano cerrada
322.0423940149626,129128.8125,358.8966362495223,4946,20.84886088015362,126.71332889720834,129139,Mano cerrada
306.2992518703242,115644.935,339.64178724193783,4935,21.11072002561732,119.70727793981384,122826,Mano cerrada
302.8728179551122,113762.495,336.8661425625727,4568,19.71953346304116,120.24849347951816,121452,Mano cerrada
276.82543640897757,92072.6175,303.0561168745194,3909,16.244306694962393,96.41290787992611,111007,Mano cerrada
298.2369077306733,107340.6975,327.22013226969017,4640,21.074866547620175,105.86660530718092,119593,Mano cerrada
330.9850374064838,132815.4125,363.98379358841305,5270,23.498297810692584,121.97508721960685,132725,Mano cerrada
298.8827930174564,104116.68,322.26857961409115,4517,19.856799842874985,88.80682334065088,119852,Mano cerrada
282.5860349127182,97760.6375,312.2768729613733,4445,18.48154484884854,99.60798751251548,113317,Mano cerrada
260.01745635910225,78651.4425,280.0987401603254,4133,16.935391935234332,80.38234836848028,104267,Mano cerrada
287.1296758104738,98822.3475,313.9680043104286,4694,20.174241001832016,94.77266932419575,115139,Mano cerrada
271.20199501246884,85795.375,292.54302494912446,4349,18.539889427933492,85.0479039309457,108752,Mano cerrada
282.6832917705736,93273.155,305.0254966653773,4880,22.84567792822091,85.99038563193014,113356,Mano cerrada
284.8852867830424,99567.5025,315.14949546013565,4541,20.57200768034078,99.14726898464562,114239,Mano cerrada
348.6159600997506,152671.3825,390.24435404032323,5601,22.555210041141272,137.91288611389234,139795,Mano cerrada
311.8004987531172,113954.165,337.1498035368516,5673,23.811394331286017,99.98767420600618,125032,Mano cerrada
310.91022443890273,121861.0375,348.6504619793354,5166,21.647863635934147,126.37824391639359,124675,Mano cerrada
236.8229426433915,63532.085,251.74123792660183,3531,14.66211103490899,67.94355756494053,94966,Mano cerrada
265.8703241895262,83323.915,288.29867271335,3931,15.454691844226465,87.30057648895217,106614,Mano cerrada
268.02493765586036,84651.1,290.58561561095894,3889,16.381926016192356,88.36612956387086,107478,Mano cerrada
286.45386533665834,93024.52,304.61867745324906,4055,17.0898361607126,74.57627751071199,114868,Mano cerrada
258.8728179551122,80211.2,282.862461400988,4181,22.618300112961627,80.26336900889919,103808,Mano cerrada
296.68079800498754,108521.7325,329.0153563865289,5181,23.266553247097,111.36736711836369,118969,Mano cerrada
287.6034912718205,95067.5475,307.94556551717994,3847,17.656231194680252,82.9782153096063,115329,Mano cerrada
262.7431421446384,76210.25,275.7176082538924,3144,11.520633663128082,63.86600829596829,105360,Mano cerrada
266.18703241895264,77528.4375,278.0918908393832,3684,15.42319681518718,58.89460886437275,106741,Mano cerrada
245.40648379052368,65530.63,255.67012334270663,3267,13.318126745154515,55.69792476414948,98408,Mano cerrada
250.83790523690774,71135.505,266.37963459259754,3296,14.390795669454834,73.93227654056878,100586,Mano cerrada
332.3615960099751,136100.0975,368.45718307640374,5110,23.214542855718697,122.47645226086902,133277,Mano cerrada
355.2992518703242,148203.5475,384.49182383181596,5569,24.52666915828564,113.8882842768391,142475,Mano cerrada
315.2992518703242,109362.7475,330.28778730660065,4350,16.192436505974015,79.96069676183608,126435,Mano cerrada
300.3840399002494,102559.625,319.8497543170205,4215,16.623702956922685,93.03019259830474,120454,Mano cerrada
304.6832917705736,106352.94,325.7111000537967,4108,16.910795368639526,91.87343362292522,122178,Mano cerrada
286.9850374064838,96840.8525,310.804366305741,4218,17.607384814332878,95.76316067686146,115081,Mano cerrada
308.8902743142145,111980.3925,334.2172043011443,4818,20.09975124224178,108.7370352174427,123865,Mano cerrada
371.573566084788,163431.5175,403.7622538152682,5978,24.93962710226438,118.83494505631182,149001,Mano cerrada
532.6134663341646,320739.285,565.631891258774,9367,38.120958802212726,158.4286167374581,213578,Mano cerrada
414.5511221945137,201805.2275,448.6668837440296,8491,36.0791144569819,136.7464132685742,166235,Mano cerrada
468.45137157107234,251147.4475,500.52087332937873,8516,34.107990266211814,136.3966268866487,187849,Mano cerrada
321.8279301745636,124630.1075,352.5894343665628,5625,24.505254538567847,99.63995248785768,129053,Mano cerrada
444.79052369077306,228170.9075,477.07641184944595,7823,33.28997596875072,135.1460003358188,178361,Mano cerrada
408.8503740648379,188592.5875,433.73065581707647,7401,33.081905930583865,111.83908060273257,163949,Mano cerrada
480.3441396508728,258244.05,507.5431507520437,8934,37.618612414601365,129.19047767115876,192618,Mano cerrada
341.1072319201995,135654.245,367.85317058878184,4944,21.659409040876437,92.82769385762526,136784,Mano cerrada
268.4713216957606,77630.3275,278.2745688359752,3483,12.43734296383275,56.91736991685375,107657,Mano cerrada
351.92269326683294,140083.2025,373.8099354356756,5535,23.41383138232613,104.87774329761632,141121,Mano cerrada
291.46633416458855,91258.595,301.71346913314807,4175,15.260652017525333,60.654672545568744,116878,Mano cerrada
278.6832917705736,80696.685,283.71719437503236,3163,12.161517175089628,41.63803707688384,111752,Mano cerrada
309.3216957605985,98385.805,313.2737682368836,3644,12.930970574554719,38.00169153176908,124038,Mano cerrada
278.38653366583543,80926.3275,284.1206015224456,3377,13.692607494557054,43.80261316782856,111633,Mano cerrada
264.1720698254364,72680.7375,269.25729103973185,2913,10.728816337322584,41.15021672750791,105933,Mano cerrada
282.3990024937656,83570.09,288.72423830627065,3792,13.573687781881533,46.81784317261709,113242,Mano cerrada
284.28428927680795,90668.79,300.73690044916435,3880,15.312413265060474,70.58742172001418,113998,Mano cerrada
275.788029925187,81162.8325,284.53546601688583,4089,16.375209922318554,56.54625282181081,110591,Mano cerrada
277.6907730673317,82205.53,286.3573443764002,3604,13.033610397737075,54.70916225645363,111354,Mano cerrada
453.2643391521197,265123.0125,514.2585515626955,9465,61.06625500225145,210.9223698857594,181759,Mano cerrada
479.73815461346635,271050.3175,519.9753662878028,6740,26.662051683994612,166.8854795679131,192375,Mano cerrada
363.5635910224439,141456.1975,375.63737687128946,5830,21.104501889407388,74.1766904434674,145789,Mano cerrada
367.6334164588529,145835.9975,381.40833329678236,6312,24.437982731805015,70.98214563342269,147421,Mano cerrada
387.3142144638404,169842.6875,411.60556319232717,6484,27.364575640780547,106.21338175757614,155313,Mano cerrada
408.927680798005,188558.1,433.69099633177984,8457,32.11366531556309,109.96036094302897,163980,Mano cerrada
326.00498753117205,111532.235,333.5477473325572,5077,19.376467686345723,48.38976125770362,130728,Mano cerrada
343.31920199501246,135003.0925,366.96924453408246,6314,24.209812060402285,102.53606631799552,137671,Mano cerrada
315.1620947630923,106346.36,325.70102411142636,5571,19.537719928384686,68.01017406608167,126380,Mano cerrada
311.0448877805486,104670.0175,323.1238075606142,5169,19.006775107839836,64.51331770324812,124729,Mano cerrada
368.8952618453865,167169.7375,408.35383598246756,6380,28.20132975588208,142.75561719143542,147927,Mano cerrada
347.45386533665834,140221.6875,373.9946623700621,7035,28.71336796685474,109.66179314805254,139329,Mano cerrada
357.2942643391521,144278.0725,379.3656241780218,6442,27.222325396629877,98.977145664517,143275,Mano cerrada
316.59850374064837,112729.71,335.3335481705913,5469,22.5599756205542,86.28756040074379,126956,Mano cerrada
319.73815461346635,109162.4275,329.9851542039618,5287,18.994275453409642,63.30062623988656,128215,Mano cerrada
359.00249376558605,144727.78,379.9563959757656,6889,26.909710143366464,99.00026741127232,143960,Mano cerrada
379.65835411471323,166583.9675,407.63776338148966,7108,30.133121311938464,108.02458939931968,152243,Mano cerrada
357.426433915212,140317.38,374.1222545460687,6323,23.61032613074203,85.03149856033232,143328,Mano cerrada
413.20448877805484,196069.4125,442.24479798708023,8057,33.430188452953715,116.65533174544935,165695,Mano cerrada
