MAV_total,VAR_total,RMS_total,Wav_Leng,Dasdv,Damv,iav,Dedo_pulgar
239.32169576059852,59251.58,243.11277310926673,6395,19.948746827808506,34.75875150030162,95968,Dedo pulgar
290.8354114713217,88050.0825,296.3621201071654,6017,19.454369689095557,47.13522925852452,116625,Dedo pulgar
279.45137157107234,81743.66,285.5517649635797,6545,21.4035627875361,47.67215378013819,112060,Dedo pulgar
243.4563591022444,62983.235,250.65149027296815,5518,17.796347939956668,50.155198039813186,97626,Dedo pulgar
217.50374064837905,50276.6925,223.94489102112564,4980,16.015773474921527,41.75498908588877,87219,Dedo pulgar
230.48379052369077,55948.965,236.2402196843474,5371,17.59822434224544,41.31983010055908,92424,Dedo pulgar
224.2942643391521,52600.59,229.0620362671494,4946,16.377270834910192,35.928881039297025,89942,Dedo pulgar
203.2718204488778,42665.17,206.29777765970158,4551,14.442904832477433,28.113183375725274,81512,Dedo pulgar
223.9077306733167,52345.0425,228.50493700227565,5077,16.249384603731922,36.624175222790896,89787,Dedo pulgar
216.28179551122196,49066.5975,221.23344436981193,5169,17.19396696518869,37.51767712887358,86729,Dedo pulgar
215.68827930174564,48705.3175,220.41746268243267,4935,15.82047723679662,36.36385345862277,86491,Dedo pulgar
224.37655860349128,52889.5575,229.69036405919576,5205,17.129287784376793,39.469493348921965,89975,Dedo pulgar
222.50374064837905,51514.15,226.68411013023422,5217,16.631521277381694,34.45586781176734,89224,Dedo pulgar
263.77556109725685,72516.415,268.9527394540728,5574,17.851330482627898,42.05268623951344,105774,Dedo pulgar
280.4912718204489,83912.5625,289.3152333345092,5995,19.5457795956058,57.66571103413536,112477,Dedo pulgar
247.6059850374065,65028.49,254.68868092148537,5745,19.05774120928291,46.11492465842874,99290,Dedo pulgar
238.26683291770573,58647.9275,241.8711915807838,5669,18.193336692316777,32.01383075975896,95545,Dedo pulgar
283.8229426433915,87595.5725,295.5962274383935,6448,20.669421859355428,67.22327597465188,113813,Dedo pulgar
332.0498753117207,116950.805,341.55403248568433,6749,21.706623413142818,63.906343866020734,133152,Dedo pulgar
287.640897755611,90780.24,300.9216764568415,5888,19.372790196561773,70.50678789311011,115344,Dedo pulgar
278.6334164588529,84998.95,291.18204364905625,6141,19.932699265277645,70.34374164339775,111732,Dedo pulgar
354.1695760598504,134565.52,366.3740508512538,6799,22.054988097933766,76.8680169899441,142022,Dedo pulgar
294.6309226932668,93792.1375,305.87291788463693,6563,21.637294193128678,69.06444611662863,118147,Dedo pulgar
319.96758104738154,110786.6925,332.43107023690317,5916,20.040708570307586,72.2477472155024,128307,Dedo pulgar
320.9052369077307,110021.9375,331.2817057710154,6253,20.96848826215185,68.9771581022506,128683,Dedo pulgar
305.5211970074813,100621.275,316.81279823766914,5584,18.002083212784015,71.84301092654897,122514,Dedo pulgar
381.8952618453865,159888.71,399.3619724478114,6118,20.440278863068382,92.54684983302343,153140,Dedo pulgar
325.5785536159601,111862.0525,334.04055856002316,6106,19.65464321731636,63.32990466477199,130557,Dedo pulgar
306.81296758104736,99075.62,314.3700822731529,5852,19.357685812100577,59.21626109290364,123032,Dedo pulgar
301.0074812967581,99124.08,314.44695543215016,6632,23.5819846493038,72.03400476365196,120704,Dedo pulgar
255.38902743142145,67170.6025,258.8495600983171,4880,15.37465446766203,33.66212896685966,102411,Dedo pulgar
296.4189526184539,94822.89,307.5490594037797,6060,20.602791073056096,66.30630406527324,118864,Dedo pulgar
288.785536159601,92354.7275,303.52004292773296,5622,20.569880894161734,65.95202766151952,115803,Dedo pulgar
243.74064837905237,62165.735,249.0194936735404,4443,14.15070669613359,43.10454536974272,97740,Dedo pulgar
255.22942643391522,68565.0125,261.52251801980924,4762,15.422548427545948,48.13400414176529,102347,Dedo pulgar
354.20448877805484,133680.01,365.1665967630681,5606,17.97748591989436,71.71270079166175,142036,Dedo pulgar
374.79551122194516,155847.1625,394.2822798573077,5594,17.98958031750602,96.43997238823141,150293,Dedo pulgar
277.93017456359104,81280.17,284.7410688840423,5517,17.54672334084059,53.15286596476389,111450,Dedo pulgar
308.7805486284289,100079.8325,315.95926455455515,6080,19.36517492820553,57.305825212529776,123821,Dedo pulgar
373.0498753117207,151209.5425,388.3715506401485,6518,20.575713839378697,85.78639436321913,149593,Dedo pulgar
346.6334164588529,128633.12,358.20711767372757,4976,17.52697920350224,74.70998314687097,139000,Dedo pulgar
302.8279301745636,96341.34,310.0017536753551,5040,16.690865765441888,56.90416104377461,121434,Dedo pulgar
373.8977556109726,155181.4075,393.43922204882426,6379,22.05702835832606,106.7780299873757,149933,Dedo pulgar
328.65835411471323,120221.46,346.2970630258783,5054,16.29463101760822,83.0455780747632,131792,Dedo pulgar
268.2942643391521,75554.96,274.52967715876866,4969,16.350611609355777,47.31218089439743,107586,Dedo pulgar
435.73815461346635,211478.5275,459.29418636200387,5933,19.388720948015113,117.32318828863005,174731,Dedo pulgar
393.5810473815461,184753.4,429.29321952387863,5638,17.497857011645742,145.7377752625916,157826,Dedo pulgar
328.0498753117207,115206.495,338.9973407085685,5165,16.64414311402062,68.82802967643237,131548,Dedo pulgar
354.4638403990025,134549.18,366.3518061717272,5784,18.537124911916628,75.72236491066597,142140,Dedo pulgar
301.45885286783044,94945.2975,307.74750394526137,5358,16.62828914831589,51.43567515127394,120885,Dedo pulgar
443.7007481296758,240577.195,489.8747307938267,6566,21.197169622381193,167.98039813185238,177924,Dedo pulgar
286.18952618453864,86002.48,292.8959029673552,6020,19.949937343260004,47.265315514207,114762,Dedo pulgar
448.8004987531172,231131.4275,480.161472736255,5909,19.119819559818026,145.2304525469369,179969,Dedo pulgar
353.3990024937656,131519.5975,362.2038355040782,5738,18.43990238585877,57.62083569132033,141713,Dedo pulgar
436.43,192200.0551378446,437.85791645235787,4302,13.501508316371272,29.082649999999997,174572,Dedo pulgar
453.8503740648379,208450.07,455.9936889793843,4470,14.240259829090197,30.858576750144596,181994,Dedo pulgar
485.79052369077306,239365.395,488.6394108291526,4846,17.04009976496617,41.51217965062407,194802,Dedo pulgar
498.91770573566083,252653.16,502.0190257792916,5065,17.0580626098042,44.208195222666525,200066,Dedo pulgar
499.46633416458855,253926.835,503.2828240636732,5729,18.57330072981106,49.15838831848061,200286,Dedo pulgar
476.41645885286783,230952.7925,479.9758852005638,5338,17.368074159215233,45.69137007854429,191043,Dedo pulgar
475.06733167082297,228503.76,477.4242612048873,4926,15.99124760611254,35.8468044352958,190502,Dedo pulgar
483.1496259351621,237813.2225,487.05253522574486,5098,17.77216925420192,46.36937581233947,193743,Dedo pulgar
469.2369077306733,223569.565,472.2415006251761,5226,19.525368114327577,38.9963992761239,188164,Dedo pulgar
451.91022443890273,207324.85,454.761289495863,4433,13.994552511602505,42.10636749771456,181216,Dedo pulgar
468.01745635910225,221379.0775,469.9223446220262,4704,15.24024278021843,33.455737215564575,187675,Dedo pulgar
498.1321695760598,252125.0575,501.4940844199754,5331,17.565804849194926,45.01314046554437,199751,Dedo pulgar
471.27431421446386,224476.6075,473.1984947792487,4987,15.895360958468354,34.97576507608784,188981,Dedo pulgar
458.5885286783042,212346.715,460.235996060527,4475,13.824344469087857,30.698241926356182,183894,Dedo pulgar
480.3142144638404,235745.96,484.9309897685497,4972,16.109003693587013,50.33864217262331,192606,Dedo pulgar
515.4538653366584,272323.0675,521.1947405778238,6414,21.683864969142377,59.148612259874014,206697,Dedo pulgar
461.2992518703242,216378.3125,464.584454874163,4936,16.509239837133627,48.31790847071846,184981,Dedo pulgar
471.59850374064837,225369.9675,474.1391648355182,5051,16.181857124570097,37.65202952717955,189111,Dedo pulgar
465.9476309226933,221133.9775,469.662135153567,4876,16.167096214224742,44.07482540531465,186845,Dedo pulgar
486.3017456359102,241132.3225,490.43959364275315,5120,16.54932022773141,47.24794000037313,195007,Dedo pulgar
451.142144638404,205264.47,452.49595415724804,4741,15.29664996004027,26.501452105397348,180908,Dedo pulgar
488.49625935162095,244735.0725,494.089830494925,5577,19.454626699065702,54.50905156062463,195887,Dedo pulgar
477.68827930174564,230580.9525,479.58934272548254,5058,16.24238283011455,29.851891468336635,191553,Dedo pulgar
483.3216957605985,236130.6,485.3264320392103,4806,15.39431713328006,35.24791512490594,193812,Dedo pulgar
487.0975,239877.75187969924,489.1605641300206,4693,15.2661435157872,32.19505000000001,194839,Dedo pulgar
466.9476309226933,220098.77,468.5615170517585,4731,14.649317390240407,31.38680729597453,187246,Dedo pulgar
486.4339152119701,239086.905,488.35507400275816,5077,15.801344879471493,35.1610126802694,195060,Dedo pulgar
472.57605985037407,225717.7875,474.50490013210253,4294,13.618002790424152,35.05570238991051,189503,Dedo pulgar
463.1720698254364,217036.115,465.29010069577697,4852,15.030136393260042,36.406216379251376,185732,Dedo pulgar
476.6009975062344,230305.7975,479.3031074674252,5081,16.628213975048553,37.43168263878956,191117,Dedo pulgar
489.19700748129674,241987.205,491.3081982176872,5075,16.270141363860365,36.701624989894334,196168,Dedo pulgar
480.1321695760598,233337.0875,482.4470950283014,5503,18.62129157711677,36.692246938762814,192533,Dedo pulgar
465.5660847880299,218587.32,466.94990573276743,4810,15.474979806125758,29.361645760909447,186692,Dedo pulgar
506.1172069825436,262024.8225,511.24494522191867,6057,21.01267474644768,58.47800697756854,202953,Dedo pulgar
499.7506234413965,252634.39,502.0003775420583,5785,18.86180002014654,37.39843657688696,200400,Dedo pulgar
485.50374064837905,239926.6125,489.2119088601315,5416,17.51727718568157,49.091162368393235,194687,Dedo pulgar
485.8229426433915,239213.8875,488.4847429957776,5250,17.045233937966355,39.24473106510531,194815,Dedo pulgar
459.857855361596,214294.4375,462.3419053108682,4742,15.0308017084918,38.05348225446359,184403,Dedo pulgar
487.785536159601,241868.76,491.1879436732696,4882,16.13644942358758,44.290483268138885,195602,Dedo pulgar
487.8778054862843,240222.2575,489.51322709529194,5154,16.77840874457408,32.312137362329835,195639,Dedo pulgar
514.1371571072319,269982.3825,518.9500069618323,5629,19.44125767536658,53.439903980696634,206169,Dedo pulgar
518.4214463840399,274780.4275,523.5410103575311,5502,19.080749461171592,55.41117281608945,207887,Dedo pulgar
480.7581047381546,234100.02,483.2351698980879,5273,16.382689034465617,39.22504213282256,192784,Dedo pulgar
534.7306733167082,294984.6925,542.447296818259,6098,20.98463723775086,75.44415768558655,214427,Dedo pulgar
532.5261845386534,291015.6375,538.7855906742537,6869,24.050831586454553,69.49662004589526,213543,Dedo pulgar
321.0074812967581,110930.635,332.64696000414614,3454,11.307961796893373,72.61121510438369,128724,Dedo pulgar
328.3092269326683,110432.6,331.8993928625716,3858,12.866429186064018,39.67786269985883,131652,Dedo pulgar
350.2568578553616,126002.2475,354.52507306454567,3566,11.88759858003289,45.70072325420862,140453,Dedo pulgar
352.39401496259353,126571.45,355.32493646494254,3809,12.325278901509693,36.17328250446204,141310,Dedo pulgar
333.55361596009976,113778.7775,336.8902490429923,3943,12.779182289958932,40.08608155421919,133755,Dedo pulgar
298.5885286783042,90284.535,300.0989612339,3051,9.691362133363917,23.94546053818073,119734,Dedo pulgar
325.2793017456359,108086.5875,328.35505917798884,3614,12.096280420029952,35.83161796257486,130437,Dedo pulgar
323.46882793017454,106835.2625,326.44883274259456,3818,12.435232205310843,35.87322218145409,129711,Dedo pulgar
295.66832917705733,88926.9125,297.83409748706606,3320,11.323206259712839,27.218873016958845,118563,Dedo pulgar
303.74064837905235,93448.36,305.31184335980254,2970,9.523129737644027,25.43169507652316,121800,Dedo pulgar
330.24688279301745,112898.1375,335.5839626829254,4060,15.529488079135126,43.29764118382348,132429,Dedo pulgar
311.3067331670823,97959.725,312.5946839102955,2905,9.549476425438202,22.407584529946956,124834,Dedo pulgar
305.51122194513715,94582.77,307.1594093351889,2934,9.992497185388645,24.865517005491256,122510,Dedo pulgar
290.7431421446384,86412.415,293.5931243971269,3288,11.51021285641582,30.584299848881535,116588,Dedo pulgar
314.0997506234414,104876.86,323.44291875964853,3786,14.014635207525025,50.07996218928987,125954,Dedo pulgar
334.51122194513715,120176.5675,346.2324007248898,3639,14.59169284216194,56.54477273151286,134139,Dedo pulgar
324.8977556109726,110442.27,331.91392388363346,3562,11.945501245238727,51.391272442335556,130284,Dedo pulgar
309.18703241895264,97116.545,311.2464603850852,3475,11.526816559657744,28.45083052966089,123984,Dedo pulgar
318.73067331670825,105185.6725,323.91876155878276,3756,12.948165893283882,45.04209550935629,127811,Dedo pulgar
375.40149625935163,154154.28,392.13499634895635,4256,16.68307525607914,81.269905037904,150536,Dedo pulgar
343.9576059850374,120890.5575,347.2593912164651,3731,12.522280143807677,34.79776867059284,137927,Dedo pulgar
364.05985037406487,137241.93,369.99956864570123,4421,14.24087427091469,51.78248891486994,145988,Dedo pulgar
370.67331670822944,143092.37,377.8035616190904,4958,18.261982367749674,58.87203437789566,148640,Dedo pulgar
336.3216957605985,115857.5525,339.95386587402305,4145,13.882813115503644,39.2884745741631,134865,Dedo pulgar
357.00997506234415,132259.3275,363.22101225101005,4727,15.423926218703201,53.27807662887668,143161,Dedo pulgar
302.3815461346633,95363.1375,308.4239358245825,3865,13.67707936658993,50.33800784820991,121255,Dedo pulgar
338.7705735660848,118453.1475,343.7408225934287,4522,15.102152164509533,44.87127567614628,135847,Dedo pulgar
342.4189526184539,121079.335,347.5304181236471,4721,15.526348572668333,47.54812470071704,137310,Dedo pulgar
314.25935162094765,101556.055,318.28100478191834,4160,13.883803513446882,40.7659529480538,126018,Dedo pulgar
315.56857855361596,102529.4425,319.80268620625776,3872,12.938121965725937,42.9498324015398,126543,Dedo pulgar
312.0523690773067,101627.7375,318.39331297254955,4479,15.150825060042111,50.97018053370315,125133,Dedo pulgar
395.65835411471323,174883.6725,417.6691916049831,5175,21.056056135943408,100.92218331975545,158659,Dedo pulgar
327.7630922693267,111371.9625,333.3080061034663,3594,12.02435029429865,46.39499754354761,131433,Dedo pulgar
337.34912718204487,125626.8975,353.99662917368886,4079,17.96795759122333,75.96894297921033,135277,Dedo pulgar
384.05486284289276,167762.02,409.07659533133926,3961,15.29697682550379,103.17381110813987,154006,Dedo pulgar
376.3366583541147,145764.3275,381.3146016564393,4665,15.000583321991183,50.448604175347164,150911,Dedo pulgar
378.53366583541145,152212.18,389.6570267603815,5673,22.906931265448893,63.52257759591046,151792,Dedo pulgar
411.29675810473816,182889.75,427.12254194248686,6775,28.688630152030612,88.81423622987421,164930,Dedo pulgar
382.2493765586035,157181.68,395.96679877946946,6109,20.6706918123221,74.93815336969297,153282,Dedo pulgar
318.8428927680798,107390.255,327.2956597295563,4811,17.676891695091648,57.227616743676975,127856,Dedo pulgar
383.1246882793017,161276.5975,401.0915250554687,5329,20.335129702069764,89.27204432808253,153633,Dedo pulgar
324.46633416458855,108698.2575,329.282841226482,4947,16.721468236970104,43.20663428710021,130111,Dedo pulgar
343.8902743142145,122903.59,350.13868289130505,5379,18.203914414213223,51.65747725449469,137900,Dedo pulgar
379.74812967581045,171229.1875,413.28220630083723,5616,24.714671755861943,129.61091037991056,152279,Dedo pulgar
296.99750623441395,96374.67,310.05537273943264,5119,18.860872196163147,72.24629200067164,119096,Dedo pulgar
423.6558603491272,209307.735,456.9308159596659,5779,23.55,143.81437926381054,169886,Dedo pulgar
474.3815461346633,253351.8325,502.7126738197005,3925,14.498189542146289,151.45225465015764,190227,Dedo pulgar
329.1197007481297,115159.0625,338.92754799959454,5314,18.3273020382161,62.52233506010534,131977,Dedo pulgar
296.54114713216956,92162.1975,303.2035068786988,4211,15.03753636737082,47.71761369643223,118913,Dedo pulgar
309.90773067331673,100819.6925,317.1250097681494,4669,16.17923051322281,52.66545606059665,124273,Dedo pulgar
299.3092269326683,93472.0675,305.3505691411316,3966,13.939153489362258,49.0596700269277,120023,Dedo pulgar
294.27680798004985,89961.1575,299.5610379561178,4337,15.262453931134402,43.65143251596693,118005,Dedo pulgar
366.3067331670823,153456.2325,391.2461483879796,4615,15.733324505647241,106.24687657415066,146889,Dedo pulgar
330.0947630922693,115791.145,339.85642413735746,4904,17.09151836438179,61.90322199488809,132368,Dedo pulgar
307.68827930174564,100346.3975,316.37976722166025,4980,18.23266299803734,57.34885977077257,123383,Dedo pulgar
326.9925187032419,114044.945,337.2840696518259,5318,19.17354948881401,64.61924988028682,131124,Dedo pulgar
318.0274314214464,105164.9025,323.886779423438,5083,17.23535610308067,48.638851748434405,127529,Dedo pulgar
346.45386533665834,125337.415,353.5885361091765,5614,19.4037367535225,57.87364506439636,138928,Dedo pulgar
351.6334164588529,129831.9675,359.8724732561262,5616,20.208908926510603,61.56602259936195,141005,Dedo pulgar
346.640897755611,128777.3275,358.4078501266664,5859,20.65254221639554,74.88967108413505,139003,Dedo pulgar
314.6633416458853,103915.72,321.9574172986483,4556,15.351872849916392,50.89382528715617,126180,Dedo pulgar
323.4139650872818,108982.7775,329.71351200701497,4651,17.377212089400302,50.66716003009932,129689,Dedo pulgar
295.2269326683292,90431.875,300.3437349142552,4481,16.948377503466226,40.93929764118383,118386,Dedo pulgar
251.9226932668329,65763.4125,256.1238254537974,3418,11.457530274889088,38.01533572552409,101021,Dedo pulgar
326.0648379052369,114925.06,338.58302355611244,5111,18.114289939161292,67.19112443330576,130752,Dedo pulgar
257.19451371571074,71941.9825,267.8853785854136,4042,16.349006085998013,58.05037282106455,103135,Dedo pulgar
279.4638403990025,81268.4025,284.720456157638,3858,13.81557092558972,43.27276571663111,112065,Dedo pulgar
259.04738154613466,69769.09,263.80883655478453,3299,11.177991769544295,41.12504275470924,103878,Dedo pulgar
256.30423940149626,67344.975,259.185324466785,3483,12.161311606895039,29.476197287330304,102778,Dedo pulgar
250.20199501246884,65634.9575,255.87356116204276,3571,12.55398343156466,42.29050814360607,100331,Dedo pulgar
289.8778054862843,88234.4525,296.672237425164,4048,14.500172412768062,47.83416769796207,116241,Dedo pulgar
258.8079800498753,69466.88,263.2368627021808,3494,11.603878661895772,40.294923539032716,103782,Dedo pulgar
235.1221945137157,57834.96,240.18895304964028,3038,11.107880085776944,40.34405258673765,94284,Dedo pulgar
257.4488778054863,68800.1525,261.97057286531543,3441,12.382144402323856,35.88640617906604,103237,Dedo pulgar
274.5162094763092,78856.6225,280.4638525168236,4004,13.884523758487362,44.752731637241055,110081,Dedo pulgar
322.0947630922693,110465.675,331.9490917313179,4672,16.832557737907806,64.1268151317467,129160,Dedo pulgar
343.0872817955112,122245.705,349.2003047934386,5197,17.83276478844489,49.610512372435494,137578,Dedo pulgar
289.21695760598504,89189.275,298.27312627080835,4312,15.42627628431437,53.40405843247244,115976,Dedo pulgar
284.1172069825436,86416.3075,293.59973686344523,4476,15.926707129849534,59.408063382690415,113931,Dedo pulgar
265.3067331670823,73721.59,271.17843873713525,4149,14.75593101095285,45.1108264252088,106388,Dedo pulgar
275.29675810473816,81985.335,285.9735700952406,4209,15.225554177106329,66.81922376104626,110394,Dedo pulgar
255.73815461346632,70116.4975,264.46482448809934,3597,13.537263386667188,59.471383884428576,102551,Dedo pulgar
266.8304239401496,76719.1675,276.63667125003377,3655,13.376752221671746,63.20224376714074,106999,Dedo pulgar
267.0448877805486,75881.3075,275.12193170798497,3554,12.272326592785902,57.9377367056175,107085,Dedo pulgar
284.70324189526184,87615.225,295.6293848166692,3898,14.092019017869655,68.95376272535619,114166,Dedo pulgar
295.5361596009975,93490.95,305.38140985705775,4148,14.360884373881715,57.37351135876021,118510,Dedo pulgar
306.8428927680798,100544.5,316.6919095683294,4714,17.217142620074913,65.17716929621083,123044,Dedo pulgar
329.785536159601,118784.62,344.2214389059661,5314,18.67819584435285,74.47610400432833,132244,Dedo pulgar
321.9576059850374,110233.7625,331.60046039874305,5198,17.760067567439037,64.66543118512944,129105,Dedo pulgar
306.7655860349127,97052.6625,311.14407580769466,4194,14.090954545381232,42.30708764248979,123013,Dedo pulgar
326.31920199501246,111246.21,333.11978030421005,3899,13.21883126452562,57.00180969023823,130854,Dedo pulgar
296.67331670822944,93686.76,305.7010421670899,4164,15.022982393652732,62.14385482677346,118966,Dedo pulgar
294.1246882793017,92645.565,303.9975800533686,4523,16.439358259980832,59.29517851257143,117944,Dedo pulgar
318.3366583541147,109784.8625,330.9245907877351,4895,17.61654052304254,73.02775480251988,127653,Dedo pulgar
342.27431421446386,127290.08,356.33221630811374,5315,18.64423503391866,84.16963824851837,137252,Dedo pulgar
323.5660847880299,112119.685,334.4250062241607,4833,17.885119513159538,71.05797849515861,129750,Dedo pulgar
300.0648379052369,94957.735,307.76766020543675,4371,15.964726743668368,56.71421197629368,120326,Dedo pulgar
340.286783042394,125102.0825,353.25643268300183,4994,17.35050431543706,79.83876965939265,136455,Dedo pulgar
315.33915211970077,108230.9425,328.57425325221294,4954,18.316522595733066,73.63975348412013,126451,Dedo pulgar
311.8952618453865,102184.785,319.2647179062394,4909,17.82939987773004,56.15050901424741,125070,Dedo pulgar
