MAV_total,VAR_total,RMS_total,Wav_Leng,Dasdv,Damv,iav,Dedo_Indice
532.5137157107232,294383.965,541.894676481512,5726,18.89894176931608,78.95773036237337,213538,Dedo indice
517.7556109725685,271647.89,520.5482339230429,5304,17.17090562550502,43.940659573012596,207620,Dedo indice
495.82044887780546,248204.575,497.5797533788614,5227,16.35366931303186,34.1375364581066,198824,Dedo indice
477.9625935162095,232126.7275,481.1941997316277,5601,18.21297614339842,41.961007705175966,191663,Dedo indice
457.5810473815461,212233.07,460.1128236354812,5577,18.1327741948109,36.93491955895796,183490,Dedo indice
439.93765586034914,196849.0475,443.12317939789693,5648,17.888404065203805,41.185340887183536,176415,Dedo indice
493.1271820448878,250456.84,499.83223120525247,6280,21.163648078722154,66.06381801108202,197744,Dedo indice
472.4139650872818,225900.875,474.69730478702934,5811,19.11053374450855,36.8389624442634,189438,Dedo indice
455.79551122194516,210640.76,458.3835417220995,6092,19.79406476699518,34.87413635487342,182774,Dedo indice
463.56857855361596,218877.7075,467.25996811784154,6099,19.753037741066564,43.7783347118488,185891,Dedo indice
461.2194513715711,215277.5925,463.40127389593897,5119,16.293940591520517,35.515898532969324,184949,Dedo indice
465.2643391521197,219454.0175,467.8747168029508,5610,18.301775870117083,38.171603410426556,186571,Dedo indice
454.2269326683292,209002.1175,456.59710381469796,5519,17.273607035011533,36.54344189401807,182145,Dedo indice
489.26683291770576,243396.96,492.73723731559653,5594,18.36967609948526,44.371266347846095,196196,Dedo indice
504.0199501246883,257437.99,506.75043167223845,6044,20.199752473730957,41.55964204202711,202112,Dedo indice
507.4912718204489,260598.57,509.8516433771338,6237,20.212310605173275,37.87054806873091,203504,Dedo indice
487.45386533665834,240125.4225,489.4145543248968,5862,18.718172987767797,31.978345905809036,195469,Dedo indice
479.44638403990024,231652.385,480.7022969098068,5343,16.606850995899254,26.58999633086859,192258,Dedo indice
474.82543640897757,227539.3175,476.4156670183597,5466,17.846007956963373,29.92269948569972,190405,Dedo indice
491.91770573566083,245057.8525,494.4155495742907,5630,17.812214909999263,39.357379618285954,197259,Dedo indice
482.8475,235267.55639097744,484.4371863306945,5525,17.689397586334547,29.875799999999995,193139,Dedo indice
452.498753117207,206708.99,454.08535126605216,5486,17.545797217567518,28.267734653391464,181452,Dedo indice
489.50374064837905,242514.0175,491.8427028929345,5923,18.545147613324623,36.066840380345894,196291,Dedo indice
494.71571072319205,249221.1175,498.5976518735977,6842,23.15588478119547,46.40563180577235,198381,Dedo indice
474.22443890274315,227855.485,476.74654359829157,5829,19.232069571421583,35.67543734180757,190164,Dedo indice
466.45137157107234,219701.7975,468.1387750637673,5655,18.487495774171254,30.038320657209848,187047,Dedo indice
455.4139650872818,209134.0625,456.7412080949888,5555,17.968235862209735,26.365681805461406,182621,Dedo indice
447.9002493765586,202122.51,449.0194470625955,5261,16.812421003531885,24.71049309394842,179608,Dedo indice
455.7506234413965,209237.25,456.85387307828904,5389,16.825798643749426,25.006909161012683,182756,Dedo indice
470.79551122194516,224444.6925,473.1648550451262,5335,17.105627728908402,38.4279699753111,188789,Dedo indice
455.71571072319205,209704.175,457.36333690528494,5338,17.208573444652522,29.068973451657644,182742,Dedo indice
442.00249376558605,197428.6225,443.7750351197228,5577,17.434663747832936,30.58137698148644,177243,Dedo indice
436.93017456359104,193762.9825,439.63596650228016,5916,19.330287116336375,34.848850442472376,175209,Dedo indice
423.0349127182045,181738.8625,425.7765239877046,6089,19.34043691336884,38.973936729249196,169637,Dedo indice
426.6483790523691,184471.185,428.9652166635797,6119,20.027169046073386,34.4449101684691,171086,Dedo indice
445.38,201338.98746867166,448.14689555992686,6935,21.767454034356994,38.9796,178152,Dedo indice
427.82543640897757,185371.185,430.01036350093295,6002,19.470618891036825,34.99913557751506,171558,Dedo indice
413.4862842892768,173828.155,416.4068543254026,5972,18.87591057406238,38.85909913495563,165808,Dedo indice
397.93,160359.61904761905,399.9483966713706,5541,17.407759051295773,30.590300000000003,159172,Dedo indice
424.23940149625935,184201.58,428.651635292463,5711,19.495448186692194,44.73438598018668,170120,Dedo indice
427.79052369077306,187463.55,432.43041041348386,6303,21.504708786682045,45.243860423753574,171544,Dedo indice
430.8728179551122,189461.125,434.7282523215895,5572,17.91368192192772,43.330961872127666,172780,Dedo indice
427.5436408977556,185061.7975,429.6513665265185,5111,16.305137227266748,31.789839615425276,171445,Dedo indice
402.5660847880299,164197.4175,404.7072369391517,4902,15.512575543732252,30.813116833850533,161429,Dedo indice
405.43142144638404,166503.05,407.5387471442932,4753,15.254425587350052,31.179271273188593,162578,Dedo indice
396.5885286783042,158728.575,397.91047126476155,5098,16.209410846788973,25.166236528379798,159032,Dedo indice
393.9052369077307,157201.8,395.99214078198224,5778,18.63451099438888,29.08856288207163,157956,Dedo indice
398.8952618453865,160744.2575,400.4290186818305,5729,18.174914030058023,26.902059066796852,159957,Dedo indice
395.139650872818,158211.2975,397.26157077040887,5788,19.02761151589973,30.8155421919018,158451,Dedo indice
391.428927680798,156399.5975,394.98047238576845,5741,19.254544918018706,36.67591619455102,156963,Dedo indice
405.9052369077307,167810.825,409.13609488732584,5972,18.82684253931073,37.87470227175204,162768,Dedo indice
397.6234413965087,159812.8675,399.26724342327776,5754,18.112840749037684,28.521825113027905,159447,Dedo indice
399.36408977556107,161633.6175,401.53523026894186,6188,20.099626862208165,31.164482807942733,160145,Dedo indice
390.79551122194516,154193.2925,392.1846128720071,5424,16.899852070358488,26.174849658895155,156709,Dedo indice
395.34164588528677,158111.58,397.1363579213598,5868,18.631425066269085,26.149725437030863,158532,Dedo indice
395.57605985037407,158033.2,397.03791033651817,5872,18.403124734674815,25.932475544306318,158626,Dedo indice
393.9925187032419,156779.5475,395.45995506479585,5601,17.95751931643121,25.926281552975418,157991,Dedo indice
404.47630922693264,165844.5775,406.7320985612028,6076,20.09091834635739,33.06082673615213,162195,Dedo indice
398.3790523690773,160252.225,399.8156994368899,5407,17.360083525144688,25.830125434543323,159750,Dedo indice
387.72319201995015,151944.1825,389.31384425253015,4977,15.842269408137206,26.751798807221352,155477,Dedo indice
409.5785536159601,169890.5475,411.6635523084985,5458,18.061146143033117,32.058332970566106,164241,Dedo indice
398.99501246882795,160673.9425,400.34142847277366,4815,15.256883692287886,23.390687868856542,159997,Dedo indice
401.5511221945137,162474.39,402.57821222416646,5223,16.52187943304272,22.31728658403866,161022,Dedo indice
424.3241895261845,181972.945,426.0506391641369,5224,16.459799512752273,32.38389064744622,170154,Dedo indice
431.860349127182,187992.155,433.03965942326397,5503,17.355330593221208,23.88666737147157,173176,Dedo indice
387.0,151085.0325,388.21161992576486,5271,16.39077484440562,23.820448877805486,155187,Dedo indice
426.7805486284289,184428.3975,428.91546522505683,5363,17.079446712349906,30.85732053905137,171139,Dedo indice
433.0872817955112,190349.765,435.74657463568565,5450,18.00819258004534,36.00365669367727,173668,Dedo indice
432.6384039900249,190276.56,435.66277654034536,5896,18.843168523366764,38.28802059688684,173488,Dedo indice
421.06733167082297,180372.11,424.1724934969281,5391,17.771817577276668,34.37759715424656,168848,Dedo indice
433.30423940149626,189901.6625,435.2333767868989,5159,16.836790074120422,30.27396595792315,173755,Dedo indice
407.5511221945137,167799.08,409.12177701624205,5210,16.746940019000487,26.76290570332274,163428,Dedo indice
420.76807980049875,178444.57,421.89995386622076,5525,17.378938402560728,23.759765175589706,168728,Dedo indice
429.02493765586036,185880.6375,430.60085318435245,4988,15.273179105870526,29.786593366956676,172039,Dedo indice
404.573566084788,165776.19,406.64823009868616,5111,16.23707178034266,30.901101361309937,162234,Dedo indice
402.33915211970077,163307.41,403.60891912964155,4999,15.733165606450598,25.798657968544973,161338,Dedo indice
404.2344139650873,164646.1,405.2598070644869,5060,15.873405431727623,21.86070982145634,162098,Dedo indice
414.4937655860349,173934.555,416.53427589157496,4760,15.370914091230878,32.4573105888645,166212,Dedo indice
431.70324189526184,188833.7225,434.00785184296683,5386,17.80182574906293,34.46459910075186,173113,Dedo indice
428.6783042394015,185112.395,429.71009771682174,5326,16.47938105633825,23.528361142032697,171900,Dedo indice
436.05486284289276,191701.735,437.29129400260626,5277,16.572492268817022,26.459201124371116,174858,Dedo indice
434.71571072319205,190814.9625,436.2787121934979,5588,18.08327956981255,28.97636208730046,174321,Dedo indice
442.18204488778053,197492.7325,443.84708168489686,5359,17.039732979128516,30.359823632937605,177315,Dedo indice
443.9725685785536,200388.3225,447.08903028088963,5280,17.936694232773217,40.008706413517324,178033,Dedo indice
424.0947630922693,182003.29,426.0861608393928,5388,16.95906837063876,33.06274214712595,170062,Dedo indice
501.6109725685786,258520.74,507.81497602503975,5485,17.67844733001176,60.92724547732912,201146,Dedo indice
406.77556109725685,167224.9075,408.4212136759655,5393,16.892379938895527,28.53891455898906,163117,Dedo indice
433.1346633416459,191681.5275,437.2682457065021,5167,16.684049268687744,48.49391483883808,173687,Dedo indice
415.81795511221947,174461.3175,417.1645381265337,5158,16.52210640324048,25.343660798129367,166743,Dedo indice
420.7730673316708,178536.69,422.0088403654992,5429,16.86749833259218,26.16697657352877,168730,Dedo indice
395.6982543640898,158110.1175,397.1345212017895,5140,16.18255233268226,26.653043202467643,158675,Dedo indice
441.3067331670823,198271.865,444.72173484819024,5614,18.1171189762611,43.54553765212904,176964,Dedo indice
421.03990024937656,179759.0025,423.45097199768657,6137,19.608607803717224,38.74143817513573,168837,Dedo indice
390.1720698254364,154871.5125,393.04617954111995,6157,19.4800539013628,39.56107238139066,156459,Dedo indice
403.8977556109726,165068.2175,405.7789743935119,5669,17.503642478067242,30.562260184949096,161963,Dedo indice
373.83291770573567,141531.5275,375.73738308475714,5756,18.19134409547574,29.719454481004473,149907,Dedo indice
390.1022443890274,153903.6475,391.81608935864193,5840,18.666815475597332,28.41410190235135,156431,Dedo indice
392.9650872817955,155903.7325,394.353832410891,6105,18.59952956394328,26.669921206957667,157579,Dedo indice
395.3990024937656,159029.6325,398.2876471538023,5769,18.70728467736566,30.422771002667897,158555,Dedo indice
334.4912718204489,116616.8325,341.0660016131175,4833,16.40647737937672,55.748571215353145,134131,Dedo indice
292.66084788029923,88955.0625,297.8812337600909,4476,16.538137742805265,45.5045180067288,117357,Dedo indice
251.43890274314214,68732.3475,261.84145038010524,3829,15.508626631652463,56.12562110932145,100827,Dedo indice
251.57356608478804,68163.0825,260.7548652482316,4042,15.089897282619257,55.73900659821768,100881,Dedo indice
268.5137157107232,78787.48,280.34086839732373,4491,17.184367896434246,67.52846064390147,107674,Dedo indice
229.62344139650872,55173.2625,234.596831429387,3200,12.129921681527874,36.386913016710096,92079,Dedo indice
237.32169576059852,60079.43,244.8052409264095,3364,12.752058657330588,49.36691935995423,95166,Dedo indice
236.8154613466334,59663.2675,243.95590031142535,3634,13.722244714331545,45.07948333654641,94963,Dedo indice
228.52618453865335,56167.6025,236.7013596619914,3465,13.35449362574261,47.228599324631055,91639,Dedo indice
234.70074812967582,58835.9725,242.25864148995512,3771,14.283819517201973,48.047350451800675,94115,Dedo indice
236.60099750623442,59138.0475,242.8797461138314,3522,14.139483724662652,41.39173263847862,94877,Dedo indice
237.30922693266834,60352.2425,245.36042499680642,3740,15.22990479287379,49.004844497235716,95161,Dedo indice
272.2992518703242,79888.6,282.29306856280317,4247,15.652395982724178,58.887357665686174,109192,Dedo indice
306.47381546134665,98965.48,314.1952948275492,4546,15.765785740013087,56.54563093513101,122896,Dedo indice
292.03990024937656,94569.85,307.1384296414135,4953,18.371513274632548,78.5463025727452,117108,Dedo indice
282.5436408977556,87724.375,295.8134732776189,5009,17.996180150242996,72.08196466439885,113300,Dedo indice
271.3615960099751,81649.355,285.38700154067817,4367,15.927570436196476,66.9495090204663,108816,Dedo indice
318.286783042394,111283.3575,333.1753935883742,5462,19.329769786523585,83.15126149713,127633,Dedo indice
305.09725685785537,104951.83,323.5585028061457,5405,20.615588761905393,83.2800417907849,122344,Dedo indice
283.0224438902743,90890.465,301.10430997626764,5489,22.829750327149878,83.11151050055659,113492,Dedo indice
268.6009975062344,79664.3575,281.8966003108816,4558,16.76141402149592,68.93305389891854,107709,Dedo indice
265.4139650872818,80017.4675,282.52065887872135,4955,19.234279295050282,79.09576432982382,106431,Dedo indice
276.4339152119701,87548.21,295.5163029120103,4940,20.223748416156685,78.76970914359985,110850,Dedo indice
263.9052369077307,76788.2,276.76110317280217,4386,17.69011023142592,66.54565581059819,105826,Dedo indice
289.06982543640896,94526.3075,307.0677141077869,5438,20.28324431643025,82.33644069377678,115917,Dedo indice
311.0648379052369,108974.5225,329.7010245450185,5430,20.4971949300386,89.49522701973247,124737,Dedo indice
311.8778054862843,114694.9975,338.2439579095895,5941,23.666379106234228,106.5149719218164,125063,Dedo indice
322.211970074813,119879.8925,345.80477172766996,6225,23.622923189139822,104.48722333816335,129207,Dedo indice
332.8952618453865,128555.5025,358.0990298953211,6763,26.10914590713377,105.79435451272072,133491,Dedo indice
293.8753117206983,96180.39,309.7426974980469,5267,20.670208029915905,76.81086560406963,117844,Dedo indice
290.8778054862843,97782.84,312.3123316788872,5676,22.069549157153165,89.55298785455312,116642,Dedo indice
304.46882793017454,106006.4,325.1800192013349,5629,22.101300866691084,92.31696320296513,122092,Dedo indice
369.19451371571074,164647.3325,405.26132389901096,8054,30.858629263141292,135.73935485475837,148047,Dedo indice
342.9775561097257,138097.425,371.15096981419157,6947,26.565532179875486,114.73819192666714,137534,Dedo indice
369.07481296758107,160304.3975,399.88077712016167,7284,27.83783396746234,119.70299935945671,147999,Dedo indice
377.74064837905235,169499.575,411.18959470421606,7586,29.640344127556954,128.23004832059502,151474,Dedo indice
424.3825,213289.31077694235,461.25490512296994,8564,32.07142717595768,147.36386249999998,169753,Dedo indice
346.8703241895262,134768.7825,366.6506521856053,6678,25.451326095117324,94.00049750934384,139095,Dedo indice
371.04738154613466,161648.185,401.55332437822256,7139,27.456374487539318,117.99329606159166,148790,Dedo indice
382.26683291770576,166402.3625,407.41550536885876,7880,29.171218692402963,106.77459717290317,153289,Dedo indice
336.25935162094765,129045.79,358.7812426115325,6706,26.374135056907555,97.39828732408381,134840,Dedo indice
397.4488778054863,183614.2725,427.9677342348774,7878,29.087368392482674,127.14791574679262,159377,Dedo indice
398.2917705735661,179583.7975,423.24456004299105,7557,27.400593059275195,116.12044701214545,159715,Dedo indice
412.02493765586036,196521.35,442.7541889360832,8865,32.541396712495306,133.25291509381162,165222,Dedo indice
442.1770573566085,218832.5625,467.21177787651465,8773,32.02432669081428,122.37657726009165,177313,Dedo indice
386.1645885286783,170645.035,412.5766429213962,7279,27.248990807000542,114.67487142492894,154852,Dedo indice
374.8279301745636,161346.99,401.1790478438869,7291,28.326710010165318,105.771183015031,150306,Dedo indice
481.8379052369077,256967.7475,506.28739879100647,7684,27.430457524438047,123.2523553957998,193217,Dedo indice
481.99750623441395,264330.6175,513.4894730203757,5365,21.30416625920855,161.84263779454108,193281,Dedo indice
405.6907730673317,179716.72,423.4011674859068,8127,27.99388326045531,94.75513211982513,162682,Dedo indice
208.15960099750623,54289.95,232.71133103272484,3220,15.732132722552274,82.19958831101796,83472,Dedo indice
332.857855361596,122925.99,350.1705889941483,6388,23.032802695286563,85.25413399170405,133476,Dedo indice
316.74064837905235,107085.3225,326.8306546332214,5532,20.087184969527215,64.80140048880293,127013,Dedo indice
331.25935162094765,123119.7725,350.44648756747307,6323,24.41940826473893,91.32235496047912,132835,Dedo indice
339.1197007481297,132235.0825,363.1877189581099,7563,27.0451936580236,107.784180446639,135987,Dedo indice
280.17456359102243,87941.465,296.17926936400784,5667,21.738387704703403,75.15531619828234,112350,Dedo indice
300.09725685785537,101000.7125,317.40957830381,5730,21.695736908434338,82.64447360401988,120339,Dedo indice
256.1296758104738,71650.0,267.34120837566473,4578,17.019547585056426,60.78734584983925,102708,Dedo indice
267.1471321695761,76275.41,275.8354527748043,3692,13.853338947704989,57.175378262573,107126,Dedo indice
326.6109725685786,115342.9775,339.1980824711716,4595,18.204051746795272,73.00595145552577,130971,Dedo indice
325.66084788029923,120547.235,346.76594188856745,6260,23.956210050840678,96.04950217971283,130590,Dedo indice
305.84788029925187,106401.2975,325.78514024734926,5636,22.136734176476892,90.1140167038762,122645,Dedo indice
541.2643391521196,352196.8875,592.7213434848148,11785,53.18446671726624,205.51313735611097,217047,Dedo indice
686.4438902743142,484919.635,695.4928893254369,7055,44.78691215076119,85.47116000522385,275264,Dedo indice
688.0448877805486,491405.23,700.1284029009453,6553,26.88703219025856,104.66540630966226,275906,Dedo indice
669.8703241895262,459954.5,677.3532913456302,5319,27.251009155625777,76.43201223872985,268618,Dedo indice
626.1521197007481,414026.3075,642.645954583582,6970,32.9752179674373,112.78970901922254,251087,Dedo indice
670.4463840399003,476136.3575,689.1654264669743,7070,34.455913861048586,115.05882426104314,268849,Dedo indice
522.5511221945137,293165.4925,540.7720466923106,3758,15.120350525037441,120.37496035472415,209543,Dedo indice
299.73815461346635,96901.3325,310.9014044544839,4807,19.055379817783745,65.37425762277599,120195,Dedo indice
377.0299251870324,181895.8375,425.9603642596333,5984,33.01953966971678,158.55416322037797,151189,Dedo indice
462.45885286783044,260641.505,509.8936420318836,6466,26.912171967345927,193.0978165558672,185446,Dedo indice
688.3865336658354,514682.5875,716.518729535775,8820,40.6942870683343,162.03531072567958,276043,Dedo indice
659.793017456359,448210.2725,668.6497896112226,4713,24.001718688460624,77.4536725517876,264577,Dedo indice
619.3990024937656,441509.2825,663.6326256637677,8360,36.45113166967522,204.462870255782,248379,Dedo indice
312.0274314214464,110546.3075,332.0702198672643,5607,20.61922646463732,94.10320831338113,125123,Dedo indice
307.2568578553616,113577.615,336.5923039113775,6544,26.00394200885704,111.31050180036195,123210,Dedo indice
451.07730673316706,251030.57,500.40439506812015,6788,37.66085500888157,190.54941200614425,180882,Dedo indice
656.3266832917706,460131.1625,677.4833601217783,7310,35.74087296079938,124.96081492030522,263187,Dedo indice
694.1820448877805,498757.4875,705.3465128870315,7424,45.24052386964589,97.18685829068227,278367,Dedo indice
701.7306733167082,508698.68,712.3412838928786,7711,35.704026383588726,98.71502042897744,281394,Dedo indice
688.8329177057357,488774.44,698.2517820401138,6969,33.23879510451605,89.35858607844479,276222,Dedo indice
699.6059850374065,505422.305,710.0435903867991,7632,39.12550319165237,97.11122443268387,280542,Dedo indice
745.0375,576864.4035087719,758.5659117703616,9744,55.11823700124409,118.175,298015,Dedo indice
610.9351620947631,390568.8975,624.1753841865593,6207,28.44683637946406,93.43320004228829,244985,Dedo indice
353.4064837905237,139473.44,372.99547709746037,6749,27.423940271230173,97.01836431365477,141716,Dedo indice
418.4114713216958,216038.4375,464.2194397903881,8378,42.09239836360005,165.375613335738,167783,Dedo indice
294.34912718204487,98215.66,313.00276862526675,5397,21.57469582636103,85.51088612633006,118034,Dedo indice
519.3615960099751,312408.565,558.2378447147958,5055,33.31670001665832,189.10682147499082,208264,Dedo indice
498.9650872817955,289061.2975,536.9734131072412,6960,37.62419434353379,172.35112965715388,200085,Dedo indice
277.5062344139651,87129.38,294.8085815416903,4768,19.86592560139094,77.17996778627,111280,Dedo indice
279.51870324189525,85025.0525,291.22675005933894,4423,17.57505334273555,63.05592626911524,112087,Dedo indice
272.6932668329177,80823.375,283.9398183574784,4518,16.995734759050578,62.98785455314332,109350,Dedo indice
296.9850374064838,98993.6225,314.2399650123653,5462,21.596064456284623,80.34625406558416,119091,Dedo indice
309.8827930174564,108813.4875,329.4573298161327,6064,23.7087536576683,88.97402379338438,124263,Dedo indice
285.33416458852867,90168.9025,299.90672282230514,5288,20.242405983479337,72.94207125577577,114419,Dedo indice
281.5162094763092,89574.32,298.91628032509624,5461,21.332897130957154,80.44190023693882,112888,Dedo indice
327.3216957605985,123092.275,350.40735112251605,6241,25.193798840190812,99.76288704672234,131256,Dedo indice
353.0872817955112,141273.48,375.3946950309189,6498,23.95944490175012,105.50858514561477,141588,Dedo indice
349.3815461346633,141212.66,375.3138802764688,6986,27.48936157861801,110.80918651003412,140102,Dedo indice
