MAV_total,VAR_total,RMS_total,Wav_Leng,Dasdv,Damv,iav,Dedo_anular
495.38,260018.15037593985,509.2819503968308,8130,33.20499101899335,91.7234,198152,Dedo anular
621.8453865336659,414964.46,643.3736363189157,8100,31.13759785211441,144.2512049054421,249360,Dedo anular
430.01745635910225,193141.7175,438.9305951191724,7629,29.05645367211904,62.731649678795534,172437,Dedo anular
450.48877805486285,217483.34,465.76924279214927,8940,34.172137773338086,91.48291366347225,180646,Dedo anular
646.4962593516209,458029.2125,675.9341647027977,7145,29.036313471238046,163.47497838943787,259245,Dedo anular
692.3890274314215,506633.72,710.8940105700281,6729,22.795887787054927,116.8826562023868,277648,Dedo anular
582.8179551122195,377110.76,613.3272651403886,6886,27.16606338798465,155.27427068239626,233710,Dedo anular
527.7306733167082,291376.13,539.1191948302471,7165,26.41405875665457,93.09656034477399,211620,Dedo anular
692.0,503398.46,708.6205629562191,6521,22.60934541290393,118.9426433915212,277492,Dedo anular
533.7331670822942,309217.5875,555.3795740947769,7687,27.847576196143173,134.77752004029827,214027,Dedo anular
621.2269326683291,401805.545,633.0904644358505,6775,23.48419681402794,98.70127673335365,249112,Dedo anular
617.9775561097257,420241.6025,647.4516340653295,6507,26.339656413856275,158.59753359742786,247809,Dedo anular
513.8304239401497,284709.22,532.9157737815021,7304,30.5551141382257,103.01421011063364,206046,Dedo anular
657.0673316708229,462569.675,679.2761843781524,6963,27.41345472573641,144.23108065248348,263484,Dedo anular
611.5361596009975,412166.115,641.2006466985847,7928,28.968258490975945,165.81863296870046,245226,Dedo anular
540.1047381546134,300667.83,547.6477288483156,7595,29.11232556839113,71.4288717109968,216582,Dedo anular
597.3865336658354,379191.69,615.0171337556113,7410,26.3156797366133,125.12929645959912,239552,Dedo anular
615.6284289276808,413094.8125,641.9226206271422,7693,28.296156982883737,152.76904994371927,246867,Dedo anular
515.8977556109726,272775.0375,521.62707032779,7631,29.547546429441482,58.34581874490831,206875,Dedo anular
464.70324189526184,226027.505,474.8303332628758,8393,32.82693254021765,73.25990510009267,186346,Dedo anular
502.18204488778053,262768.6875,511.97012021213203,8387,32.29268493018195,75.62758938066305,201375,Dedo anular
485.84788029925187,247471.9375,496.8448454988268,8118,31.60142401854701,80.20575742688168,194825,Dedo anular
479.21695760598504,238355.05,487.60706350405997,7868,28.520168302448706,68.1382080957208,192166,Dedo anular
473.4937655860349,232017.6275,481.08110535042533,7925,27.602671972111686,61.83446620356839,189871,Dedo anular
632.2568578553615,422980.4225,649.5580100951746,8698,30.11602563420346,123.89839615425278,253535,Dedo anular
466.3840399002494,222444.15,471.0514052987372,7499,26.375699042868987,50.69722203220129,187020,Dedo anular
460.39,219444.25563909774,467.8628484930172,7760,26.756958666723165,60.554299999999984,184156,Dedo anular
502.06234413965086,262995.0275,512.1905695648078,8626,30.774746140301467,78.97889938495406,201327,Dedo anular
505.3291770573566,271166.0375,520.0863514528919,8857,35.59399528010307,94.25710039116674,202637,Dedo anular
496.72568578553614,260985.1325,510.22965099855253,8416,31.818783760539937,91.28323828831908,199187,Dedo anular
499.9576059850374,267588.2675,516.6439442084672,8382,33.96424590654119,104.49441234818191,200483,Dedo anular
479.573566084788,248801.9475,498.1781747182287,9250,40.239781311532994,107.99513684616389,192309,Dedo anular
494.04738154613466,259204.3175,508.4859119909487,8928,35.89303553615938,89.34226777196658,198113,Dedo anular
499.18703241895264,264389.94,513.5470898236443,7902,33.57186321907081,93.68296217063327,200174,Dedo anular
479.91521197007484,245772.025,495.13546346635775,8335,32.43489633095811,91.82461551856021,192446,Dedo anular
460.46633416458855,229926.6325,478.9083935123278,8709,35.15640055523318,98.5368374574785,184647,Dedo anular
521.3216957605985,296946.965,544.248517570609,9335,40.151556632339926,126.79356471663732,209050,Dedo anular
496.29675810473816,264417.9425,513.5742849234796,8243,32.499576920323136,103.75864577956604,199015,Dedo anular
497.03990024937656,261343.1425,510.5794883904829,7955,29.089731865385076,91.14241826854311,199313,Dedo anular
473.96009975062344,234537.905,483.6869053880726,7278,29.30870177950569,70.20323256696165,190058,Dedo anular
475.3915211970075,238285.73,487.5361537843966,7389,29.58584965824034,76.72847805672849,190632,Dedo anular
503.9201995012469,272945.345,521.7898842367209,8136,32.273905868363684,104.58718540307586,202072,Dedo anular
542.0922693266833,312918.7875,558.6935129357676,8267,36.26055018887607,113.00827731170828,217379,Dedo anular
548.1820448877805,317128.1775,562.4387381436209,7916,33.95651631130614,105.82119514182126,219821,Dedo anular
611.7705735660847,389737.025,623.5103144451191,7616,29.016460845526975,102.11757389568474,245320,Dedo anular
635.2044887780548,427563.1975,653.0673434740245,7853,29.417299332195675,125.31992960242783,254717,Dedo anular
773.8229426433916,620285.3725,786.5993428579371,7032,22.90862283071595,109.54117200763676,310303,Dedo anular
636.5835411471322,438963.58,661.7166370363325,7649,30.06854668919002,162.85182306080188,255270,Dedo anular
438.0798004987531,199520.88,446.12029957821983,7406,27.310712184049688,62.02906698341429,175670,Dedo anular
490.19451371571074,253148.665,502.5110661180232,7895,30.80077109424373,81.58225384170498,196568,Dedo anular
730.354114713217,562598.83,749.1300557306472,7951,32.09840338708453,137.8113568945467,292872,Dedo anular
542.6832917705735,309028.19,555.2094614959865,7904,32.93364541012732,99.42272747060031,217616,Dedo anular
434.498753117207,197135.05,443.44496997542853,6750,25.286458826810843,61.6043183811046,174234,Dedo anular
455.77556109725685,217427.69,465.70964807401936,7515,29.30482042258577,68.68325445737278,182766,Dedo anular
487.44638403990024,253314.805,502.6759366200632,8515,33.94675978646563,94.40891536744175,195466,Dedo anular
458.5211970074813,220654.9675,469.15317939417275,7593,30.49774581833877,74.04281067903808,183867,Dedo anular
485.6857855361596,251152.92,500.52632647171697,8387,31.535812975092302,91.11317715685847,194760,Dedo anular
592.6783042394015,366811.095,604.8936717429875,8508,31.906739100071007,105.32603652962358,237664,Dedo anular
503.75311720698255,268591.0275,517.6110744940671,8204,32.536133759252955,97.13602527347466,202005,Dedo anular
517.0548628428928,291904.8675,539.6081218690397,10407,44.603783471808754,121.29220589424196,207339,Dedo anular
519.3341645885287,291178.5925,538.9364167938862,9365,37.18860712637676,122.47987263760797,208253,Dedo anular
539.0847880299252,309611.3925,555.7331142413049,8729,32.986929229620635,109.702066529437,216173,Dedo anular
662.5336658354115,473981.36,687.604073283463,8234,29.97198692112353,165.26053942450608,265676,Dedo anular
536.2768079800499,299391.8025,546.4843909263873,7809,30.033855896304757,84.08151690598939,215047,Dedo anular
500.6558603491272,269227.0725,518.2235842681907,8591,36.56429269109414,102.846089265614,200763,Dedo anular
481.6384039900249,248251.7225,497.6270098153391,9106,34.729094431038654,95.92978899384953,193137,Dedo anular
499.2269326683292,267084.355,516.1572524211324,8860,36.01673222267672,102.72295570301182,200190,Dedo anular
582.1995012468828,360802.95,599.9193212590758,8343,34.7459709894543,118.46325582552349,233462,Dedo anular
599.0847880299252,388494.6325,622.5157170346081,8297,33.43512374734091,143.3439717414693,240233,Dedo anular
523.5436408977556,290342.8675,538.1624480107079,8437,34.565915292380154,99.74063594131879,209941,Dedo anular
551.5985037406484,326365.7525,570.5715317275785,8980,35.36361124093522,123.98619411570826,221191,Dedo anular
511.2718204488778,274767.28,523.5284851972885,8067,30.191265293127415,87.01621258574264,205020,Dedo anular
456.15960099750623,224505.31,473.2287463627288,8709,35.27034873658042,101.69643223611794,182920,Dedo anular
434.5137157107232,196920.59,443.2036960692863,8056,27.70279769265191,69.18889807899205,174240,Dedo anular
458.7431421446384,221374.115,469.91707763218614,8823,34.574231734053036,80.48871586619485,183956,Dedo anular
484.6159600997506,246326.7725,495.69394919831376,9071,32.07736741068381,83.19963184308557,194331,Dedo anular
501.06982543640896,268632.9675,517.6514849301353,9257,36.80703057840988,108.4898974508865,200929,Dedo anular
507.97506234413964,271751.04,520.6470556994237,9204,35.69579807204204,94.38860454847917,203698,Dedo anular
474.74563591022445,235730.7975,484.91539483669305,7475,27.950804997352044,81.84117014197675,190373,Dedo anular
490.4862842892768,251041.6075,500.4153960246963,7256,28.917468768894693,74.77605238773391,196685,Dedo anular
473.9201995012469,233667.01,482.7880479588018,7980,28.961871486490647,72.86128817606856,190042,Dedo anular
447.3615960099751,216087.405,464.2720470433638,9266,35.74863633762832,97.8086330308891,179392,Dedo anular
425.59102244389027,190388.04,435.7903817867661,8571,32.387227420697805,70.25609293474542,170662,Dedo anular
467.1471321695761,236639.92,485.84956057531014,10466,40.0033748576292,106.30257274519437,187326,Dedo anular
475.58354114713217,239417.3525,488.6924408517446,9330,36.2365837241868,87.56176889447204,190709,Dedo anular
496.8827930174564,264223.055,513.3849867676342,9453,36.416102207677305,105.0573317330116,199250,Dedo anular
501.51122194513715,275934.17,524.6389757374521,9482,39.1638864261452,127.88232660244651,201106,Dedo anular
519.206982543641,287827.775,535.8264644453463,9244,35.92763560269448,105.724429574443,208202,Dedo anular
493.03241895261846,259889.005,509.15705115724575,9060,35.810473328343484,101.86796102014293,197706,Dedo anular
514.5336658354115,284580.15,532.7949641423625,9808,39.16835457355849,115.02222001106959,206328,Dedo anular
502.9052369077307,266939.6725,516.0174294839003,8597,32.16710276042902,90.4293132505395,201665,Dedo anular
469.51870324189525,234274.8125,483.41554178047767,8482,33.10211473607087,91.38288940989175,188277,Dedo anular
503.76059850374065,274192.685,522.9807957451253,9492,35.632709692079274,116.40333082505704,202008,Dedo anular
517.1975,287632.1679197995,535.6426864057793,8933,36.27750879140236,108.493725,206879,Dedo anular
484.16708229426433,253156.5825,502.51892434681827,7462,31.146348100539814,105.68804920367411,194151,Dedo anular
516.0274314214464,285090.9525,533.2729155824113,8241,33.17163698101135,107.06450830529661,206927,Dedo anular
468.6159600997506,235171.5975,484.3398957997799,7600,32.006874261633236,94.58891424804573,187915,Dedo anular
519.2593516209477,282209.8275,530.5714488588127,7809,28.401012305902054,83.66760156964197,208223,Dedo anular
517.1072319201995,279546.515,528.0619201582301,7538,30.712049752499425,83.29864864024478,207360,Dedo anular
345.3915211970075,145571.225,381.0619431126363,6494,29.36417885792143,142.2522372373306,138502,Dedo anular
336.54613466334166,135527.4875,367.6812664737092,5707,27.116277399377665,125.16521663422492,134955,Dedo anular
305.46134663341644,118721.145,344.12945572017566,5996,30.08197134497671,133.67786269985885,122490,Dedo anular
343.40149625935163,149549.865,386.2342847201253,6100,28.864337858333073,157.5289954664461,137704,Dedo anular
331.29675810473816,135494.97,367.6371544155095,5954,29.32550084823787,137.6098904857557,132850,Dedo anular
332.6109725685786,141385.3975,375.54336029458256,6249,30.783721347491436,151.8474263219756,133377,Dedo anular
331.96009975062344,140841.835,374.82076847315034,6010,29.149957118321804,149.8271652539474,133116,Dedo anular
331.70324189526184,139599.5825,373.1641111700543,6469,31.075593316942477,148.2753962972867,133013,Dedo anular
294.2917705735661,114037.9275,337.2736924826746,5655,30.621928417393963,136.06456427509778,118011,Dedo anular
306.92518703241893,122904.6825,350.1402390934509,6602,31.305750270517397,145.26994235110476,123077,Dedo anular
311.3965087281795,125269.585,353.49284578326353,6136,32.73789852754755,144.0054477273151,124870,Dedo anular
314.5860349127182,131094.2075,361.61760089465776,6481,32.95348995174866,155.10700804099477,126149,Dedo anular
300.34164588528677,114797.7175,338.3953884182572,5376,27.390783121334813,128.5514269189868,120437,Dedo anular
326.72568578553614,137864.6625,370.83805137704945,5951,30.97551452357168,153.4683490774311,131017,Dedo anular
335.3740648379052,142780.4625,377.3915758151728,6327,32.732132530588345,152.9096585220241,134485,Dedo anular
331.211970074813,141566.125,375.7833049369366,6177,29.962601689439456,157.1919826369239,132816,Dedo anular
331.03241895261846,139917.655,373.58898962239545,6084,31.627203480548197,152.78485830311996,132744,Dedo anular
315.2294264339152,127910.7125,357.19985045781067,5909,29.092997439246442,141.399667912513,126407,Dedo anular
345.93266832917703,149633.1825,386.3418595220464,6412,28.484908284914663,152.42510929658394,138719,Dedo anular
350.74064837905235,154864.0575,393.03671945874567,6389,31.94264391060953,157.1593957749019,140647,Dedo anular
367.61346633416457,162955.5575,403.17388871137643,6524,28.841463208374154,145.23567639504728,147413,Dedo anular
351.3665835411471,157600.72,396.4942631969972,6626,34.968557305099104,162.01917898520531,140898,Dedo anular
347.43142144638404,148609.84,385.01849552360704,7215,35.02088662498424,143.13868694846425,139320,Dedo anular
349.92518703241893,154808.735,392.96651041054304,6533,32.71303257113287,157.94051032020946,140320,Dedo anular
368.47630922693264,168478.9925,409.94980837479807,7003,33.34602674982433,162.27517241808198,147759,Dedo anular
381.19451371571074,176095.9375,419.11429886275886,6512,30.602614267411862,156.342286428567,152859,Dedo anular
399.95261845386534,193152.4275,438.9427646327496,6563,32.34551746378469,163.9124134800157,160381,Dedo anular
424.9002493765586,213607.2975,461.6000552129176,6982,32.81684018914679,164.17984962780082,170385,Dedo anular
391.22443890274315,186532.9575,431.35575576306525,7278,37.663178304545674,163.97337081237058,156881,Dedo anular
373.6832917705736,170464.3675,412.35818086547437,6803,33.95360805569859,155.8229737377255,149847,Dedo anular
420.7780548628429,211068.81,458.84905346457526,6758,29.248589709591126,165.24167138264067,168732,Dedo anular
403.96758104738154,194801.4575,440.81250927029856,6585,31.17976106386962,157.28208157909467,161991,Dedo anular
411.8703241895262,205729.81,453.008573958375,6854,30.858548248418945,171.49629666482173,165160,Dedo anular
398.14463840399003,190981.165,436.4686732666414,6903,31.01414999641293,163.96077138823765,159656,Dedo anular
439.71072319201994,227122.875,475.9794993384943,7058,32.988179701220254,165.95310974434238,176324,Dedo anular
410.6708229426434,202043.4525,448.9316245167763,6618,31.670569934878028,163.7156982854584,164679,Dedo anular
412.0448877805486,202385.065,449.3109881694143,6654,31.26915412990892,164.048295719554,165230,Dedo anular
426.17955112219454,217603.23,465.89760522416935,8095,37.32562792505975,171.6867556793801,170898,Dedo anular
424.44389027431424,209696.23,457.3546728285442,6705,30.84003080413507,154.9032157760213,170202,Dedo anular
433.9576059850374,221367.5675,469.9101282993422,7350,32.89278036286991,163.66188021218773,174017,Dedo anular
454.8379052369077,244184.39,493.53363752795116,7681,31.40696578786305,174.12907879926124,182390,Dedo anular
425.53117206982546,214140.345,462.1756475378786,7470,38.78440408205339,165.02796624399102,170638,Dedo anular
414.9002493765586,206123.4425,453.44174813598545,6899,31.26247750898831,166.41825610537245,166375,Dedo anular
366.713216957606,171374.605,413.45766035681413,6837,40.507807889344,163.30689485761906,147052,Dedo anular
349.3441396508728,173773.5725,416.3414727662105,7318,53.61739456556985,187.30969334767818,140087,Dedo anular
520.3840399002494,323676.715,568.216104265914,7594,35.96428784224707,181.4668192361988,208674,Dedo anular
386.19700748129674,184105.1425,428.5394117597837,6776,32.46320994602967,161.80878228369224,154865,Dedo anular
405.5286783042394,196460.7975,442.6859725857479,7606,36.58148438759696,157.09638621650362,162617,Dedo anular
428.3142144638404,215425.615,463.560561323936,7374,35.51344815700103,159.102443392765,171754,Dedo anular
428.7630922693267,217650.75,465.9484735996839,7039,32.027371106601926,167.79924254202396,171934,Dedo anular
450.00997506234415,236392.16,485.59515377172323,7333,35.74293636510576,169.028799572142,180454,Dedo anular
421.3017456359102,208982.175,456.57531957377006,7197,35.32771574840355,160.49632775915572,168942,Dedo anular
416.9551122194514,206032.0225,453.34118159799726,7284,33.08489081136584,162.51097940933204,167199,Dedo anular
413.6832917705736,204919.7275,452.11581009257003,5433,25.494264060764728,170.1451732265347,165887,Dedo anular
420.9002493765586,212751.6175,460.6745758536119,4952,25.42705252285447,179.98182847121598,168781,Dedo anular
429.79052369077306,217463.715,465.74822755574894,5041,24.48933441316852,171.4199787314755,172346,Dedo anular
429.00997506234415,219319.0575,467.7308277011949,5230,24.39672109116305,177.93079645027086,172033,Dedo anular
420.6159600997506,209807.1475,457.47561427453195,4523,23.636042392921876,173.4447049458647,168667,Dedo anular
392.8354114713217,185405.6025,430.05028123351747,5046,25.504215337861307,161.32923302715784,157527,Dedo anular
408.4937655860349,201057.175,447.8345515211612,4760,22.673111828771983,172.54640207461398,163806,Dedo anular
384.2418952618454,181825.2375,425.87769133878083,5362,26.549764594059962,168.94758117175888,154081,Dedo anular
406.53865336658356,197943.025,444.35278945479723,5247,26.285499805025584,169.0717719417168,163022,Dedo anular
395.34164588528677,190626.735,436.06347772827615,5147,25.881798623743286,169.12071442341772,158532,Dedo anular
418.53117206982546,207999.1925,455.50026484275554,5720,24.531714167583154,166.99835200029852,167831,Dedo anular
361.0224438902743,161113.33,400.8884522185623,5282,24.449744374941837,154.57252131516594,144770,Dedo anular
321.9925187032419,132049.1475,362.93229104104154,5055,24.286879173743174,145.96029875436093,129119,Dedo anular
352.428927680798,154770.825,392.91839209038403,5170,24.709208809672557,158.88963377093427,141324,Dedo anular
352.46134663341644,153988.9125,391.9246104155448,5154,24.317175000398382,155.50984135670797,141337,Dedo anular
346.1620947630923,149348.5575,385.9742442274906,5155,27.904972675134445,155.28103680947254,138811,Dedo anular
404.81795511221947,201252.055,448.0515367132694,5407,34.284362324535074,145.5331123562664,162332,Dedo anular
359.25436408977555,154828.2175,392.9912368227202,6191,28.06683986486544,136.62783191646818,144061,Dedo anular
379.79551122194516,172459.685,414.7645247276683,5673,25.26751867516872,149.27948209277307,152298,Dedo anular
343.788029925187,147453.6025,383.51778026650686,4791,22.359617617481746,154.11686494486972,137859,Dedo anular
357.8528678304239,155559.4725,393.91819409732494,5236,25.644980015589795,152.8086268120223,143499,Dedo anular
369.3466334164589,163997.32,404.4605656021141,5000,23.823727668020386,154.04717632353032,148108,Dedo anular
367.59850374064837,162372.1575,402.45153671156015,5195,25.03352751811059,150.78725878570407,147407,Dedo anular
374.788029925187,168359.9,409.80489244921387,4915,22.66666053921486,150.84474599038563,150290,Dedo anular
408.571072319202,198045.1525,444.467405232616,5838,25.095617147223138,161.90340856089202,163837,Dedo anular
327.1346633416459,135532.8175,367.68849645309837,5022,26.26547163102159,150.11045951206768,131181,Dedo anular
357.65835411471323,157683.6225,396.59853316512425,5818,29.068367687230047,156.28248580543655,143421,Dedo anular
376.6209476309227,172657.4475,415.00226541460216,5234,24.120737965493507,160.9173201659194,151025,Dedo anular
337.75311720698255,142478.9075,376.99283614379283,5072,25.374100969295444,151.46144613528523,135439,Dedo anular
318.34912718204487,125371.715,353.6369145489068,4664,23.50042552806225,132.43175104632434,127658,Dedo anular
306.3366583541147,118437.3425,343.71788945466903,4546,22.935670907998308,133.91973930510383,122841,Dedo anular
306.51870324189525,119323.245,345.0009866623645,5120,24.40327846827143,138.8148705542876,122914,Dedo anular
356.1720698254364,155853.5475,394.29035657340523,6074,30.65354791863415,155.7803123114906,142825,Dedo anular
357.4039900249377,155435.6375,393.7613712089584,5548,28.457687889215457,147.92315968184278,143319,Dedo anular
329.48129675810475,133513.55,364.9391709637932,5464,24.197313900513834,139.53537602378094,132122,Dedo anular
359.5860349127182,157226.145,396.02280218489193,6048,27.948792460498183,151.26920852482263,144194,Dedo anular
339.2369077306733,145026.405,380.3481867212523,5580,28.106138119635006,154.65331683260675,136034,Dedo anular
353.8802992518703,152192.225,389.6314839265853,6190,29.74432719023915,146.99527988010024,141906,Dedo anular
366.4114713216958,163779.5575,404.19194657465715,5842,30.284897226175293,157.19871145079946,146931,Dedo anular
375.02493765586036,169613.4375,411.327681230711,6812,32.81600219405161,154.48845467378933,150385,Dedo anular
337.3441396508728,143322.5825,378.107351920139,5982,31.247799922554545,156.55175030006035,135275,Dedo anular
348.4937655860349,151550.27,388.80887226517825,6353,33.118688077881345,157.67074831624183,139746,Dedo anular
361.8453865336658,162247.72,402.29729332851764,6406,34.841857011359195,162.2737793919192,145100,Dedo anular
349.3765586034913,151974.52,389.3527079295453,6021,30.907563799173822,160.11088239501,140100,Dedo anular
350.71820448877804,151728.15,389.03698482419026,6311,30.350247115962663,154.23548361017654,140638,Dedo anular
351.6209476309227,155327.24,393.62404686999776,6351,32.61460562386122,162.70957270166232,141000,Dedo anular
364.857855361596,163949.305,404.40135245240793,6554,31.646800786177423,159.47072468454797,146308,Dedo anular
