MAV_total,VAR_total,RMS_total,Mano_pinza
371.25436408977555,169075.0075,410.6742919453784,Mano pinza
385.06733167082297,177336.065,420.5874824860342,Mano pinza
379.1695760598504,171396.7875,413.48441819465893,Mano pinza
402.30423940149626,190171.675,435.5426861071672,Mano pinza
468.07730673316706,239312.0425,488.5849510208944,Mano pinza
443.6907730673317,214113.49,462.14666627287505,Mano pinza
423.5960099750623,199870.375,446.5108566845347,Mano pinza
365.573566084788,155392.4375,393.70664864468876,Mano pinza
365.4214463840399,151657.43,388.94630981691995,Mano pinza
380.1197007481297,164490.735,405.0685542791929,Mano pinza
390.4214463840399,173708.2925,416.26326373841187,Mano pinza
386.8977556109726,173681.855,416.23158597958695,Mano pinza
354.77556109725685,152139.0275,389.56338178649145,Mano pinza
408.1845386533666,191656.04,437.2391734086646,Mano pinza
431.6907730673317,208520.62,456.0708480640539,Mano pinza
541.4763092269327,310337.525,556.3844138364227,Mano pinza
397.8653366583541,182981.415,427.22956621047314,Mano pinza
449.00498753117205,219051.8075,467.4457654540233,Mano pinza
363.8503740648379,156275.54,394.8237903627503,Mano pinza
380.6084788029925,164706.83,405.33454056564324,Mano pinza
373.573566084788,166326.7625,407.3229462522838,Mano pinza
487.28179551122196,259805.84,509.07557900291886,Mano pinza
415.01745635910225,193060.56,438.8383668498589,Mano pinza
368.8877805486284,157106.695,395.8723376679322,Mano pinza
383.71571072319205,173567.445,416.0944706179151,Mano pinza
384.1645885286783,175891.965,418.8714978019189,Mano pinza
369.7930174563591,167568.9675,408.84115469893817,Mano pinza
350.0498753117207,149802.245,386.56005137198053,Mano pinza
378.06234413965086,172723.0425,415.08109053617255,Mano pinza
323.5162094763092,133665.24,365.14642299280285,Mano pinza
356.573566084788,158422.57,397.5267302294058,Mano pinza
418.139650872818,200523.175,447.23944057627847,Mano pinza
400.1346633416459,191383.725,436.92843676381125,Mano pinza
397.52618453865335,187007.47,431.9040601881193,Mano pinza
374.47630922693264,165832.8125,406.71767153536877,Mano pinza
398.7506234413965,189117.4525,434.3337862810547,Mano pinza
359.9775561097257,156393.5175,394.9727949215991,Mano pinza
381.0798004987531,171145.4375,413.1811235980603,Mano pinza
356.2992518703242,153631.09,391.46898992744366,Mano pinza
323.1097256857855,126846.8525,355.7112961160197,Mano pinza
419.2793017456359,203576.5625,450.63165698196815,Mano pinza
358.46633416458855,152279.5525,389.74325265810404,Mano pinza
372.2269326683292,164089.8925,404.57470357533145,Mano pinza
406.895,192397.38847117795,438.08263489894233,Mano pinza
364.85536159600997,158253.2525,397.3142408535559,Mano pinza
359.3665835411471,150158.14,387.0189669744947,Mano pinza
477.3366583541147,241739.65,491.05682764833836,Mano pinza
391.4339152119701,166130.4925,407.08254936193526,Mano pinza
428.6708229426434,209148.9775,456.7574947141602,Mano pinza
382.1645885286783,168189.34,409.5972597710708,Mano pinza
387.2942643391521,180209.1825,423.9808757979468,Mano pinza
367.43142144638404,160436.295,400.04525305117426,Mano pinza
369.6558603491272,156925.43,395.6438989332355,Mano pinza
431.99002493765585,215417.355,463.5516741566859,Mano pinza
389.9476309226933,180688.2225,424.54402413522166,Mano pinza
358.9650872817955,159215.2475,398.5200145475914,Mano pinza
375.5361596009975,171183.485,413.2270483840687,Mano pinza
345.56857855361596,145365.9725,380.7932035113009,Mano pinza
404.3516209476309,190805.2025,436.26755443462565,Mano pinza
340.65835411471323,140837.03,374.81437467277937,Mano pinza
375.28428927680795,168691.5025,410.208270804489,Mano pinza
335.2069825436409,132397.405,363.4105624603262,Mano pinza
353.57605985037407,145332.685,380.7496019060571,Mano pinza
364.9501246882793,152680.2125,390.2556390885326,Mano pinza
455.80548628428926,235761.645,484.9471215742929,Mano pinza
301.44389027431424,102651.9175,319.9936369379835,Mano pinza
389.1321695760598,178731.37,422.23886114419776,Mano pinza
385.53366583541145,182720.1625,426.92446784751377,Mano pinza
399.498753117207,188458.5125,433.57645363549454,Mano pinza
390.9501246882793,177813.5625,421.15334161930525,Mano pinza
414.857855361596,195685.74,441.8118894234403,Mano pinza
432.65087281795513,216640.0075,464.86531178905807,Mano pinza
452.3740648379052,234687.055,483.84067677155167,Mano pinza
430.9127182044888,216104.605,464.2905241043234,Mano pinza
540.6009975062344,311290.5225,557.2380433062074,Mano pinza
380.7082294264339,172199.55,414.45159510886106,Mano pinza
483.20199501246884,270524.025,519.4703085800568,Mano pinza
388.6384039900249,172312.455,414.58744328509977,Mano pinza
431.3965087281795,207506.41,454.9603693244724,Mano pinza
456.0199501246883,229312.84,478.2687398640769,Mano pinza
370.7581047381546,158082.395,397.0997035551538,Mano pinza
420.95261845386534,209926.005,457.60517780409475,Mano pinza
413.00498753117205,198193.4775,444.63381498310935,Mano pinza
427.26932668329175,215415.6725,463.54986388653697,Mano pinza
369.4563591022444,165997.2,406.91920806870473,Mano pinza
394.6259351620948,192536.7775,438.2426678339575,Mano pinza
404.6783042394015,196281.955,442.48443341598056,Mano pinza
440.286783042394,228542.3775,477.4646022314533,Mano pinza
515.708229426434,282619.2075,530.956138910159,Mano pinza
406.71820448877804,200798.25,447.5460939773846,Mano pinza
481.7556109725686,256655.3,505.97950733738867,Mano pinza
513.5586034912718,281210.4475,529.631168421564,Mano pinza
495.81296758104736,267715.3225,516.7665848735726,Mano pinza
558.3391521197008,332899.585,576.2546411711768,Mano pinza
469.3765586034913,247971.295,497.3458683031402,Mano pinza
354.6783042394015,149908.84,386.6975594618688,Mano pinza
388.3815461346633,176590.5825,419.70252201117836,Mano pinza
419.38653366583543,196589.815,442.83130657710734,Mano pinza
386.6234413965087,180217.61,423.9907894355543,Mano pinza
232.97256857855362,60514.14,245.6892995638994,Mano pinza
348.19451371571074,129380.49,359.24621833296123,Mano pinza
320.6558603491272,110919.9275,332.630905362077,Mano pinza
273.8778054862843,77396.0525,277.85435913042744,Mano pinza
321.30423940149626,108589.0975,329.11745888912657,Mano pinza
334.0274314214464,121572.8875,348.23801230904934,Mano pinza
325.08478802992516,115492.3775,339.41768749365605,Mano pinza
291.1471321695761,89110.16,298.14080591161274,Mano pinza
306.03990024937656,99003.405,314.2554911464726,Mano pinza
296.03241895261846,91685.5575,302.4184439017734,Mano pinza
307.73067331670825,97597.615,312.0163928809413,Mano pinza
326.426433915212,111590.5025,333.63486320397806,Mano pinza
277.01246882793015,79576.735,281.7415292015147,Mano pinza
285.5361596009975,84042.61,289.5393365873132,Mano pinza
311.6857855361596,101057.9,317.49942564795776,Mano pinza
276.9800498753117,78978.4025,280.6803321891391,Mano pinza
246.96508728179552,62865.0275,250.41616732522556,Mano pinza
252.67581047381546,66883.3875,258.29555940816147,Mano pinza
299.8703241895262,93661.655,305.66008046198954,Mano pinza
382.90773067331673,157016.335,395.7584782001918,Mano pinza
362.0349127182045,138447.895,371.62163339072447,Mano pinza
368.9650872817955,143380.4775,378.1837122345451,Mano pinza
340.3990024937656,125365.275,353.62783175468695,Mano pinza
287.26184538653365,85861.68,292.6560457213499,Mano pinza
298.9576059850374,94073.405,306.33120634380344,Mano pinza
307.0947630922693,96045.0175,309.524641572603,Mano pinza
325.5162094763092,107893.86,328.0621861857711,Mano pinza
301.2793017456359,94204.6475,306.54481432903077,Mano pinza
316.3740648379052,106209.23,325.4909661992276,Mano pinza
347.41645885286783,134662.665,366.50627263431556,Mano pinza
361.81296758104736,141881.9325,376.20222250732564,Mano pinza
358.45386533665834,140718.02,374.6559785248182,Mano pinza
327.3441396508728,116580.4225,341.01275380015346,Mano pinza
302.3366583541147,96335.1225,309.99175035278444,Mano pinza
283.74563591022445,85856.29,292.64685977924546,Mano pinza
331.19451371571074,120050.7525,346.05111481519305,Mano pinza
307.82543640897757,99871.19,315.629742995399,Mano pinza
386.3740648379052,157466.4,396.32526504214087,Mano pinza
321.3715710723192,110533.48,332.0509530350294,Mano pinza
390.91521197007484,163801.6175,404.21916662046306,Mano pinza
326.25187032418955,117077.7325,341.7393276750578,Mano pinza
356.3216957605985,134269.5775,365.97095601752204,Mano pinza
328.1321695760598,118280.1425,343.4897080716134,Mano pinza
342.8852867830424,124843.6325,352.8913455238537,Mano pinza
333.84039900249377,118961.56,344.4777173571768,Mano pinza
324.7630922693267,112965.725,335.6843978539865,Mano pinza
390.6907730673317,162988.8175,403.2150314608943,Mano pinza
320.23940149625935,109899.14,331.0967793662952,Mano pinza
336.79052369077306,121871.9125,348.66601858899764,Mano pinza
369.7655860349127,150809.645,387.85765571567214,Mano pinza
384.70324189526184,160377.805,399.9723244789909,Mano pinza
353.5785536159601,133851.0875,365.4001837223664,Mano pinza
371.4862842892768,147634.54,383.7530117990449,Mano pinza
383.4837905236908,158829.0325,398.0363678417944,Mano pinza
380.0872817955112,154934.4025,393.12597525342005,Mano pinza
317.44389027431424,110234.8025,331.6020246366752,Mano pinza
265.4788029925187,74459.3725,272.5319949644477,Mano pinza
309.1072319201995,101646.71,318.4230314105252,Mano pinza
308.17456359102243,100741.36,317.0017896847613,Mano pinza
291.40149625935163,89865.56,299.40183092142615,Mano pinza
315.0648379052369,103718.6475,321.6519819715626,Mano pinza
300.2568578553616,95506.3575,308.65545035268525,Mano pinza
286.58354114713217,86683.55,294.05336513315854,Mano pinza
304.860349127182,99223.8375,314.6051438052598,Mano pinza
341.51870324189525,121101.8825,347.5627753270155,Mano pinza
302.82543640897757,95611.3575,308.8250721477005,Mano pinza
322.71072319201994,107003.5225,326.7058015983264,Mano pinza
320.28927680798006,106671.505,326.1985457843435,Mano pinza
339.5436408977556,118880.4475,344.3602583504259,Mano pinza
397.3092269326683,168675.3925,410.1886829386844,Mano pinza
330.0224438902743,114147.4375,337.4355946675283,Mano pinza
341.5162094763092,121572.175,348.2369918514769,Mano pinza
376.8977556109726,188366.61,433.4707231525838,Mano pinza
292.9650872817955,93920.7325,306.082531696071,Mano pinza
351.1221945137157,130222.265,360.4129869982594,Mano pinza
312.95261845386534,103969.98,322.0414619919231,Mano pinza
285.8778054862843,84881.8925,290.9814718458995,Mano pinza
292.71820448877804,88989.09,297.9382017630929,Mano pinza
296.28428927680795,91845.665,302.68238046076704,Mano pinza
398.6234413965087,195601.065,441.71629106872575,Mano pinza
354.66583541147133,137692.2325,370.6060716571265,Mano pinza
379.43890274314214,151162.6075,388.31127126510404,Mano pinza
332.4339152119701,115465.15,339.377676022663,Mano pinza
364.0349127182045,139241.86,372.6856898800872,Mano pinza
348.7206982543641,128679.5125,358.2717068931061,Mano pinza
285.74064837905235,86133.055,293.1181661917612,Mano pinza
303.3291770573566,94534.7375,307.08140618561987,Mano pinza
293.03241895261846,89492.105,298.7790699970953,Mano pinza
371.40149625935163,155011.16,393.2233443016076,Mano pinza
337.99501246882795,124863.615,352.91958632805444,Mano pinza
306.5785536159601,98692.735,313.7620411296837,Mano pinza
287.43142144638404,86790.79,294.2352020318324,Mano pinza
340.01246882793015,120791.2175,347.1166842989591,Mano pinza
313.39401496259353,102603.3325,319.91790171917387,Mano pinza
284.4064837905237,87622.1725,295.6411056359482,Mano pinza
458.4214463840399,242632.7175,491.9630559087261,Mano pinza
341.93266832917703,125014.4425,353.1326744801961,Mano pinza
375.7556109725686,153124.42,390.82293125023057,Mano pinza
261.4837905236908,78693.9225,280.17437124804866,Mano pinza
339.8628428927681,127432.0775,356.53091278397386,Mano pinza
