MAV_total,VAR_total,RMS_total,Dedo_anular
495.38,260018.15037593985,509.2819503968308,Dedo anular
621.8453865336659,414964.46,643.3736363189157,Dedo anular
430.01745635910225,193141.7175,438.9305951191724,Dedo anular
450.48877805486285,217483.34,465.76924279214927,Dedo anular
646.4962593516209,458029.2125,675.9341647027977,Dedo anular
692.3890274314215,506633.72,710.8940105700281,Dedo anular
582.8179551122195,377110.76,613.3272651403886,Dedo anular
527.7306733167082,291376.13,539.1191948302471,Dedo anular
692.0,503398.46,708.6205629562191,Dedo anular
533.7331670822942,309217.5875,555.3795740947769,Dedo anular
621.2269326683291,401805.545,633.0904644358505,Dedo anular
617.9775561097257,420241.6025,647.4516340653295,Dedo anular
513.8304239401497,284709.22,532.9157737815021,Dedo anular
657.0673316708229,462569.675,679.2761843781524,Dedo anular
611.5361596009975,412166.115,641.2006466985847,Dedo anular
540.1047381546134,300667.83,547.6477288483156,Dedo anular
597.3865336658354,379191.69,615.0171337556113,Dedo anular
615.6284289276808,413094.8125,641.9226206271422,Dedo anular
515.8977556109726,272775.0375,521.62707032779,Dedo anular
464.70324189526184,226027.505,474.8303332628758,Dedo anular
502.18204488778053,262768.6875,511.97012021213203,Dedo anular
485.84788029925187,247471.9375,496.8448454988268,Dedo anular
479.21695760598504,238355.05,487.60706350405997,Dedo anular
473.4937655860349,232017.6275,481.08110535042533,Dedo anular
632.2568578553615,422980.4225,649.5580100951746,Dedo anular
466.3840399002494,222444.15,471.0514052987372,Dedo anular
460.39,219444.25563909774,467.8628484930172,Dedo anular
502.06234413965086,262995.0275,512.1905695648078,Dedo anular
505.3291770573566,271166.0375,520.0863514528919,Dedo anular
496.72568578553614,260985.1325,510.22965099855253,Dedo anular
499.9576059850374,267588.2675,516.6439442084672,Dedo anular
479.573566084788,248801.9475,498.1781747182287,Dedo anular
494.04738154613466,259204.3175,508.4859119909487,Dedo anular
499.18703241895264,264389.94,513.5470898236443,Dedo anular
479.91521197007484,245772.025,495.13546346635775,Dedo anular
460.46633416458855,229926.6325,478.9083935123278,Dedo anular
521.3216957605985,296946.965,544.248517570609,Dedo anular
496.29675810473816,264417.9425,513.5742849234796,Dedo anular
497.03990024937656,261343.1425,510.5794883904829,Dedo anular
473.96009975062344,234537.905,483.6869053880726,Dedo anular
475.3915211970075,238285.73,487.5361537843966,Dedo anular
503.9201995012469,272945.345,521.7898842367209,Dedo anular
542.0922693266833,312918.7875,558.6935129357676,Dedo anular
548.1820448877805,317128.1775,562.4387381436209,Dedo anular
611.7705735660847,389737.025,623.5103144451191,Dedo anular
635.2044887780548,427563.1975,653.0673434740245,Dedo anular
773.8229426433916,620285.3725,786.5993428579371,Dedo anular
636.5835411471322,438963.58,661.7166370363325,Dedo anular
438.0798004987531,199520.88,446.12029957821983,Dedo anular
490.19451371571074,253148.665,502.5110661180232,Dedo anular
730.354114713217,562598.83,749.1300557306472,Dedo anular
542.6832917705735,309028.19,555.2094614959865,Dedo anular
434.498753117207,197135.05,443.44496997542853,Dedo anular
455.77556109725685,217427.69,465.70964807401936,Dedo anular
487.44638403990024,253314.805,502.6759366200632,Dedo anular
458.5211970074813,220654.9675,469.15317939417275,Dedo anular
485.6857855361596,251152.92,500.52632647171697,Dedo anular
592.6783042394015,366811.095,604.8936717429875,Dedo anular
503.75311720698255,268591.0275,517.6110744940671,Dedo anular
517.0548628428928,291904.8675,539.6081218690397,Dedo anular
519.3341645885287,291178.5925,538.9364167938862,Dedo anular
539.0847880299252,309611.3925,555.7331142413049,Dedo anular
662.5336658354115,473981.36,687.604073283463,Dedo anular
536.2768079800499,299391.8025,546.4843909263873,Dedo anular
500.6558603491272,269227.0725,518.2235842681907,Dedo anular
481.6384039900249,248251.7225,497.6270098153391,Dedo anular
499.2269326683292,267084.355,516.1572524211324,Dedo anular
582.1995012468828,360802.95,599.9193212590758,Dedo anular
599.0847880299252,388494.6325,622.5157170346081,Dedo anular
523.5436408977556,290342.8675,538.1624480107079,Dedo anular
551.5985037406484,326365.7525,570.5715317275785,Dedo anular
511.2718204488778,274767.28,523.5284851972885,Dedo anular
456.15960099750623,224505.31,473.2287463627288,Dedo anular
434.5137157107232,196920.59,443.2036960692863,Dedo anular
458.7431421446384,221374.115,469.91707763218614,Dedo anular
484.6159600997506,246326.7725,495.69394919831376,Dedo anular
501.06982543640896,268632.9675,517.6514849301353,Dedo anular
507.97506234413964,271751.04,520.6470556994237,Dedo anular
474.74563591022445,235730.7975,484.91539483669305,Dedo anular
490.4862842892768,251041.6075,500.4153960246963,Dedo anular
473.9201995012469,233667.01,482.7880479588018,Dedo anular
447.3615960099751,216087.405,464.2720470433638,Dedo anular
425.59102244389027,190388.04,435.7903817867661,Dedo anular
467.1471321695761,236639.92,485.84956057531014,Dedo anular
475.58354114713217,239417.3525,488.6924408517446,Dedo anular
496.8827930174564,264223.055,513.3849867676342,Dedo anular
501.51122194513715,275934.17,524.6389757374521,Dedo anular
519.206982543641,287827.775,535.8264644453463,Dedo anular
493.03241895261846,259889.005,509.15705115724575,Dedo anular
514.5336658354115,284580.15,532.7949641423625,Dedo anular
502.9052369077307,266939.6725,516.0174294839003,Dedo anular
469.51870324189525,234274.8125,483.41554178047767,Dedo anular
503.76059850374065,274192.685,522.9807957451253,Dedo anular
517.1975,287632.1679197995,535.6426864057793,Dedo anular
484.16708229426433,253156.5825,502.51892434681827,Dedo anular
516.0274314214464,285090.9525,533.2729155824113,Dedo anular
468.6159600997506,235171.5975,484.3398957997799,Dedo anular
519.2593516209477,282209.8275,530.5714488588127,Dedo anular
517.1072319201995,279546.515,528.0619201582301,Dedo anular
345.3915211970075,145571.225,381.0619431126363,Dedo anular
336.54613466334166,135527.4875,367.6812664737092,Dedo anular
305.46134663341644,118721.145,344.12945572017566,Dedo anular
343.40149625935163,149549.865,386.2342847201253,Dedo anular
331.29675810473816,135494.97,367.6371544155095,Dedo anular
332.6109725685786,141385.3975,375.54336029458256,Dedo anular
331.96009975062344,140841.835,374.82076847315034,Dedo anular
331.70324189526184,139599.5825,373.1641111700543,Dedo anular
294.2917705735661,114037.9275,337.2736924826746,Dedo anular
306.92518703241893,122904.6825,350.1402390934509,Dedo anular
311.3965087281795,125269.585,353.49284578326353,Dedo anular
314.5860349127182,131094.2075,361.61760089465776,Dedo anular
300.34164588528677,114797.7175,338.3953884182572,Dedo anular
326.72568578553614,137864.6625,370.83805137704945,Dedo anular
335.3740648379052,142780.4625,377.3915758151728,Dedo anular
331.211970074813,141566.125,375.7833049369366,Dedo anular
331.03241895261846,139917.655,373.58898962239545,Dedo anular
315.2294264339152,127910.7125,357.19985045781067,Dedo anular
345.93266832917703,149633.1825,386.3418595220464,Dedo anular
350.74064837905235,154864.0575,393.03671945874567,Dedo anular
367.61346633416457,162955.5575,403.17388871137643,Dedo anular
351.3665835411471,157600.72,396.4942631969972,Dedo anular
347.43142144638404,148609.84,385.01849552360704,Dedo anular
349.92518703241893,154808.735,392.96651041054304,Dedo anular
368.47630922693264,168478.9925,409.94980837479807,Dedo anular
381.19451371571074,176095.9375,419.11429886275886,Dedo anular
399.95261845386534,193152.4275,438.9427646327496,Dedo anular
424.9002493765586,213607.2975,461.6000552129176,Dedo anular
391.22443890274315,186532.9575,431.35575576306525,Dedo anular
373.6832917705736,170464.3675,412.35818086547437,Dedo anular
420.7780548628429,211068.81,458.84905346457526,Dedo anular
403.96758104738154,194801.4575,440.81250927029856,Dedo anular
411.8703241895262,205729.81,453.008573958375,Dedo anular
398.14463840399003,190981.165,436.4686732666414,Dedo anular
439.71072319201994,227122.875,475.9794993384943,Dedo anular
410.6708229426434,202043.4525,448.9316245167763,Dedo anular
412.0448877805486,202385.065,449.3109881694143,Dedo anular
426.17955112219454,217603.23,465.89760522416935,Dedo anular
424.44389027431424,209696.23,457.3546728285442,Dedo anular
433.9576059850374,221367.5675,469.9101282993422,Dedo anular
454.8379052369077,244184.39,493.53363752795116,Dedo anular
425.53117206982546,214140.345,462.1756475378786,Dedo anular
414.9002493765586,206123.4425,453.44174813598545,Dedo anular
366.713216957606,171374.605,413.45766035681413,Dedo anular
349.3441396508728,173773.5725,416.3414727662105,Dedo anular
520.3840399002494,323676.715,568.216104265914,Dedo anular
386.19700748129674,184105.1425,428.5394117597837,Dedo anular
405.5286783042394,196460.7975,442.6859725857479,Dedo anular
428.3142144638404,215425.615,463.560561323936,Dedo anular
428.7630922693267,217650.75,465.9484735996839,Dedo anular
450.00997506234415,236392.16,485.59515377172323,Dedo anular
421.3017456359102,208982.175,456.57531957377006,Dedo anular
416.9551122194514,206032.0225,453.34118159799726,Dedo anular
413.6832917705736,204919.7275,452.11581009257003,Dedo anular
420.9002493765586,212751.6175,460.6745758536119,Dedo anular
429.79052369077306,217463.715,465.74822755574894,Dedo anular
429.00997506234415,219319.0575,467.7308277011949,Dedo anular
420.6159600997506,209807.1475,457.47561427453195,Dedo anular
392.8354114713217,185405.6025,430.05028123351747,Dedo anular
408.4937655860349,201057.175,447.8345515211612,Dedo anular
384.2418952618454,181825.2375,425.87769133878083,Dedo anular
406.53865336658356,197943.025,444.35278945479723,Dedo anular
395.34164588528677,190626.735,436.06347772827615,Dedo anular
418.53117206982546,207999.1925,455.50026484275554,Dedo anular
361.0224438902743,161113.33,400.8884522185623,Dedo anular
321.9925187032419,132049.1475,362.93229104104154,Dedo anular
352.428927680798,154770.825,392.91839209038403,Dedo anular
352.46134663341644,153988.9125,391.9246104155448,Dedo anular
346.1620947630923,149348.5575,385.9742442274906,Dedo anular
404.81795511221947,201252.055,448.0515367132694,Dedo anular
359.25436408977555,154828.2175,392.9912368227202,Dedo anular
379.79551122194516,172459.685,414.7645247276683,Dedo anular
343.788029925187,147453.6025,383.51778026650686,Dedo anular
357.8528678304239,155559.4725,393.91819409732494,Dedo anular
369.3466334164589,163997.32,404.4605656021141,Dedo anular
367.59850374064837,162372.1575,402.45153671156015,Dedo anular
374.788029925187,168359.9,409.80489244921387,Dedo anular
408.571072319202,198045.1525,444.467405232616,Dedo anular
327.1346633416459,135532.8175,367.68849645309837,Dedo anular
357.65835411471323,157683.6225,396.59853316512425,Dedo anular
376.6209476309227,172657.4475,415.00226541460216,Dedo anular
337.75311720698255,142478.9075,376.99283614379283,Dedo anular
318.34912718204487,125371.715,353.6369145489068,Dedo anular
306.3366583541147,118437.3425,343.71788945466903,Dedo anular
306.51870324189525,119323.245,345.0009866623645,Dedo anular
356.1720698254364,155853.5475,394.29035657340523,Dedo anular
357.4039900249377,155435.6375,393.7613712089584,Dedo anular
329.48129675810475,133513.55,364.9391709637932,Dedo anular
359.5860349127182,157226.145,396.02280218489193,Dedo anular
339.2369077306733,145026.405,380.3481867212523,Dedo anular
353.8802992518703,152192.225,389.6314839265853,Dedo anular
366.4114713216958,163779.5575,404.19194657465715,Dedo anular
375.02493765586036,169613.4375,411.327681230711,Dedo anular
337.3441396508728,143322.5825,378.107351920139,Dedo anular
348.4937655860349,151550.27,388.80887226517825,Dedo anular
361.8453865336658,162247.72,402.29729332851764,Dedo anular
349.3765586034913,151974.52,389.3527079295453,Dedo anular
350.71820448877804,151728.15,389.03698482419026,Dedo anular
351.6209476309227,155327.24,393.62404686999776,Dedo anular
364.857855361596,163949.305,404.40135245240793,Dedo anular
341.81412639405204,148604.21641791044,384.77497889885865,Dedo anular
