MAV_total,VAR_total,RMS_total,Mano_cerrada
758.8079800498754,641081.39,799.6766116948592,Mano cerrada
769.2618453865337,627963.05,791.4524984840268,Mano cerrada
614.1770573566084,400217.0675,631.8378114279998,Mano cerrada
532.0448877805486,310214.935,556.2745110741844,Mano cerrada
521.6359102244389,297980.745,545.1950576379228,Mano cerrada
442.9127182044888,211774.375,459.61533846426505,Mano cerrada
494.90274314214463,289660.21,537.5294088109583,Mano cerrada
426.857855361596,197279.105,443.6069624759143,Mano cerrada
368.0,158020.51,397.0219690272496,Mano cerrada
331.72568578553614,120402.705,346.5580021840579,Mano cerrada
706.6384039900249,543489.255,736.297440033239,Mano cerrada
439.40897755610973,219210.6725,467.6152397739277,Mano cerrada
536.4912718204489,333145.8825,576.4677742624407,Mano cerrada
334.3665835411471,123723.4325,351.30456197129774,Mano cerrada
359.91770573566083,145290.5725,380.69443372647856,Mano cerrada
544.4114713216958,316998.6675,562.3238809904569,Mano cerrada
359.99501246882795,150469.87,387.4204865729984,Mano cerrada
407.4413965087282,186982.95,431.8757441141083,Mano cerrada
578.1321695760598,378326.3125,614.3149480206354,Mano cerrada
364.6783042394015,150318.1,387.22505328976564,Mano cerrada
338.55361596009976,136911.7,369.55415613170214,Mano cerrada
313.98753117206985,115195.9625,338.9818443118559,Mano cerrada
378.4912718204489,167688.6025,408.9870736758256,Mano cerrada
297.6184538653367,98244.8275,313.0492420214024,Mano cerrada
326.3815461346633,123765.7625,351.3646534595478,Mano cerrada
295.8952618453865,97578.73,311.9862040558797,Mano cerrada
299.38653366583543,101257.46,317.8127556139349,Mano cerrada
284.18952618453864,86354.03,293.4939237731687,Mano cerrada
378.99501246882795,175972.0375,418.9668298192329,Mano cerrada
330.498753117207,119899.555,345.83312972582615,Mano cerrada
382.7556109725686,185106.2625,429.70297982771535,Mano cerrada
369.34912718204487,164160.2475,404.6614267806971,Mano cerrada
471.1695760598504,244838.3275,494.19404903816695,Mano cerrada
485.66832917705733,279113.0325,527.652338216119,Mano cerrada
406.2269326683292,178826.8125,422.35158381273675,Mano cerrada
299.25187032418955,95019.54,307.867802053328,Mano cerrada
383.214463840399,163136.0975,403.3971669635453,Mano cerrada
316.7780548628429,110149.97,331.4744059433718,Mano cerrada
321.77556109725685,115650.175,339.6494819274219,Mano cerrada
371.75311720698255,156823.0175,395.5147755215478,Mano cerrada
348.5137157107232,131424.595,362.07299383940585,Mano cerrada
396.9650872817955,173453.3225,415.95765478419327,Mano cerrada
318.640897755611,114151.4825,337.44157340396964,Mano cerrada
367.53366583541145,150102.4225,386.94715691472527,Mano cerrada
445.1047381546135,216770.5525,465.0053521800687,Mano cerrada
362.09226932668327,143605.5075,378.48036808721196,Mano cerrada
430.1197007481297,209087.33,456.6901742012522,Mano cerrada
436.82543640897757,216887.8325,465.13112676672347,Mano cerrada
363.01246882793015,145716.315,381.25179693783633,Mano cerrada
486.640897755611,263088.9475,512.2820173855982,Mano cerrada
443.03241895261846,220176.485,468.64423229018075,Mano cerrada
461.8952618453865,234378.08,483.52207396351105,Mano cerrada
451.4788029925187,230928.3275,479.950462427155,Mano cerrada
511.03990024937656,285767.3125,533.9051187341004,Mano cerrada
544.7007481296758,333800.8425,577.0341596876082,Mano cerrada
425.91770573566083,215920.1225,464.0923058284602,Mano cerrada
520.997506234414,303143.645,549.8978776195393,Mano cerrada
562.8204488778055,352812.8025,593.2393868202051,Mano cerrada
489.05985037406487,268200.3575,517.2345006651279,Mano cerrada
431.3890274314214,215893.3825,464.0635678573237,Mano cerrada
403.8852867830424,192540.75,438.24718881441856,Mano cerrada
407.8678304239402,194937.4825,440.9663866041415,Mano cerrada
367.2643391521197,151288.6175,388.47308677966316,Mano cerrada
400.0947630922693,182980.08,427.2280077120016,Mano cerrada
380.7630922693267,161722.265,401.64532560587253,Mano cerrada
386.8354114713217,173499.9475,416.01355663216754,Mano cerrada
374.7805486284289,158574.9275,397.71783817549914,Mano cerrada
376.26184538653365,175513.5725,418.4207007223919,Mano cerrada
458.1920199501247,249965.9075,499.3421183138816,Mano cerrada
456.9551122194514,246821.1525,496.1911309203239,Mano cerrada
532.7655860349128,313715.1825,559.4040135484056,Mano cerrada
396.45137157107234,183265.1075,427.5606241011858,Mano cerrada
359.84039900249377,152085.8,389.4952293235893,Mano cerrada
408.65835411471323,190818.78,436.2830763314878,Mano cerrada
373.96009975062344,176481.84,419.57327805861024,Mano cerrada
463.0448877805486,250586.1625,499.9612578506668,Mano cerrada
463.0872817955112,238187.77,487.43592967297724,Mano cerrada
303.3366583541147,111243.535,333.11577522049015,Mano cerrada
308.63591022443893,120882.9875,347.24851859415526,Mano cerrada
326.43890274314214,121633.855,348.3253201797197,Mano cerrada
305.29675810473816,114629.02,338.1466576720271,Mano cerrada
334.501246882793,146594.3025,382.39865412069213,Mano cerrada
327.45885286783044,132191.6925,363.1281280849554,Mano cerrada
325.53117206982546,131214.525,361.7835081000336,Mano cerrada
341.54862842892766,147791.3925,383.95681451365243,Mano cerrada
336.55361596009976,137610.595,370.4961894998587,Mano cerrada
319.7581047381546,127019.0575,355.9526678445266,Mano cerrada
340.57605985037407,149923.3275,386.7162446359561,Mano cerrada
523.3416458852868,312610.45,558.4181881152825,Mano cerrada
699.1197007481297,523616.3125,722.7105479786503,Mano cerrada
393.50374064837905,181840.0325,425.895017680165,Mano cerrada
371.354114713217,170865.8425,412.84348504263045,Mano cerrada
337.71820448877804,139953.9625,373.63745813915426,Mano cerrada
309.072319201995,121258.385,347.7872841443011,Mano cerrada
281.5586034912718,93124.2825,304.7819751380933,Mano cerrada
310.0349127182045,126538.28,355.2783742250856,Mano cerrada
279.32668329177056,102572.27,319.8694715082897,Mano cerrada
281.19451371571074,102569.6275,319.86535119135374,Mano cerrada
316.15960099750623,137531.4,370.3895637402339,Mano cerrada
339.74064837905235,168081.08,409.465413908223,Mano cerrada
388.43890274314214,191151.275,436.6630148394507,Mano cerrada
347.06733167082297,143269.36,378.03714076860064,Mano cerrada
373.8728179551122,164651.0225,405.26586513841016,Mano cerrada
378.5087281795511,175210.445,418.05921975474376,Mano cerrada
420.8802992518703,214119.9725,462.1536621961323,Mano cerrada
321.6209476309227,120042.64,346.03942231415084,Mano cerrada
393.18204488778053,199701.845,446.3225687901871,Mano cerrada
413.3291770573566,209005.9975,456.60134202185566,Mano cerrada
385.640897755611,185797.79,430.50488251045033,Mano cerrada
405.1720698254364,202091.675,448.98519545265725,Mano cerrada
452.1197007481297,261695.58,510.9236465153855,Mano cerrada
501.9775561097257,294678.1575,542.1653799827783,Mano cerrada
389.8453865336658,182604.885,426.78977403628727,Mano cerrada
323.38653366583543,131046.665,361.55202300175057,Mano cerrada
363.8354114713217,159792.635,399.2419687682335,Mano cerrada
348.23192019950125,141346.3125,375.49144854467,Mano cerrada
342.0798004987531,147673.985,383.80427394474697,Mano cerrada
330.45386533665834,140803.73,374.7700608422992,Mano cerrada
363.2369077306733,156428.145,395.0165184841157,Mano cerrada
375.81296758104736,179139.1325,422.7202402254467,Mano cerrada
359.1845386533666,153595.2175,391.4232837126823,Mano cerrada
418.45137157107234,213512.1625,461.49725158115257,Mano cerrada
365.7007481296758,161875.095,401.8350612612753,Mano cerrada
379.211970074813,179702.825,423.3847993011815,Mano cerrada
376.5635910224439,178716.4,422.2211780477383,Mano cerrada
329.2418952618454,130723.835,361.1064114620543,Mano cerrada
322.0423940149626,129128.8125,358.8966362495223,Mano cerrada
306.2992518703242,115644.935,339.64178724193783,Mano cerrada
302.8728179551122,113762.495,336.8661425625727,Mano cerrada
276.82543640897757,92072.6175,303.0561168745194,Mano cerrada
298.2369077306733,107340.6975,327.22013226969017,Mano cerrada
330.9850374064838,132815.4125,363.98379358841305,Mano cerrada
298.8827930174564,104116.68,322.26857961409115,Mano cerrada
282.5860349127182,97760.6375,312.2768729613733,Mano cerrada
260.01745635910225,78651.4425,280.0987401603254,Mano cerrada
287.1296758104738,98822.3475,313.9680043104286,Mano cerrada
271.20199501246884,85795.375,292.54302494912446,Mano cerrada
282.6832917705736,93273.155,305.0254966653773,Mano cerrada
284.8852867830424,99567.5025,315.14949546013565,Mano cerrada
348.6159600997506,152671.3825,390.24435404032323,Mano cerrada
311.8004987531172,113954.165,337.1498035368516,Mano cerrada
310.91022443890273,121861.0375,348.6504619793354,Mano cerrada
236.8229426433915,63532.085,251.74123792660183,Mano cerrada
265.8703241895262,83323.915,288.29867271335,Mano cerrada
268.02493765586036,84651.1,290.58561561095894,Mano cerrada
286.45386533665834,93024.52,304.61867745324906,Mano cerrada
258.8728179551122,80211.2,282.862461400988,Mano cerrada
296.68079800498754,108521.7325,329.0153563865289,Mano cerrada
287.6034912718205,95067.5475,307.94556551717994,Mano cerrada
262.7431421446384,76210.25,275.7176082538924,Mano cerrada
266.18703241895264,77528.4375,278.0918908393832,Mano cerrada
245.40648379052368,65530.63,255.67012334270663,Mano cerrada
250.83790523690774,71135.505,266.37963459259754,Mano cerrada
332.3615960099751,136100.0975,368.45718307640374,Mano cerrada
355.2992518703242,148203.5475,384.49182383181596,Mano cerrada
315.2992518703242,109362.7475,330.28778730660065,Mano cerrada
300.3840399002494,102559.625,319.8497543170205,Mano cerrada
304.6832917705736,106352.94,325.7111000537967,Mano cerrada
286.9850374064838,96840.8525,310.804366305741,Mano cerrada
308.8902743142145,111980.3925,334.2172043011443,Mano cerrada
371.573566084788,163431.5175,403.7622538152682,Mano cerrada
532.6134663341646,320739.285,565.631891258774,Mano cerrada
414.5511221945137,201805.2275,448.6668837440296,Mano cerrada
468.45137157107234,251147.4475,500.52087332937873,Mano cerrada
321.8279301745636,124630.1075,352.5894343665628,Mano cerrada
444.79052369077306,228170.9075,477.07641184944595,Mano cerrada
408.8503740648379,188592.5875,433.73065581707647,Mano cerrada
480.3441396508728,258244.05,507.5431507520437,Mano cerrada
341.1072319201995,135654.245,367.85317058878184,Mano cerrada
268.4713216957606,77630.3275,278.2745688359752,Mano cerrada
351.92269326683294,140083.2025,373.8099354356756,Mano cerrada
291.46633416458855,91258.595,301.71346913314807,Mano cerrada
278.6832917705736,80696.685,283.71719437503236,Mano cerrada
309.3216957605985,98385.805,313.2737682368836,Mano cerrada
278.38653366583543,80926.3275,284.1206015224456,Mano cerrada
264.1720698254364,72680.7375,269.25729103973185,Mano cerrada
282.3990024937656,83570.09,288.72423830627065,Mano cerrada
284.28428927680795,90668.79,300.73690044916435,Mano cerrada
275.788029925187,81162.8325,284.53546601688583,Mano cerrada
277.6907730673317,82205.53,286.3573443764002,Mano cerrada
453.2643391521197,265123.0125,514.2585515626955,Mano cerrada
479.73815461346635,271050.3175,519.9753662878028,Mano cerrada
363.5635910224439,141456.1975,375.63737687128946,Mano cerrada
367.6334164588529,145835.9975,381.40833329678236,Mano cerrada
387.3142144638404,169842.6875,411.60556319232717,Mano cerrada
408.927680798005,188558.1,433.69099633177984,Mano cerrada
326.00498753117205,111532.235,333.5477473325572,Mano cerrada
343.31920199501246,135003.0925,366.96924453408246,Mano cerrada
315.1620947630923,106346.36,325.70102411142636,Mano cerrada
311.0448877805486,104670.0175,323.1238075606142,Mano cerrada
368.8952618453865,167169.7375,408.35383598246756,Mano cerrada
347.45386533665834,140221.6875,373.9946623700621,Mano cerrada
357.2942643391521,144278.0725,379.3656241780218,Mano cerrada
316.59850374064837,112729.71,335.3335481705913,Mano cerrada
319.73815461346635,109162.4275,329.9851542039618,Mano cerrada
359.00249376558605,144727.78,379.9563959757656,Mano cerrada
379.65835411471323,166583.9675,407.63776338148966,Mano cerrada
357.426433915212,140317.38,374.1222545460687,Mano cerrada
413.20448877805484,196069.4125,442.24479798708023,Mano cerrada
369.3488372093023,157955.79766536964,396.6655592454087,Mano cerrada
