MAV_total,VAR_total,RMS_total,Dedo_pulgar
239.32169576059852,59251.58,243.11277310926673,Dedo pulgar
290.8354114713217,88050.0825,296.3621201071654,Dedo pulgar
279.45137157107234,81743.66,285.5517649635797,Dedo pulgar
243.4563591022444,62983.235,250.65149027296815,Dedo pulgar
217.50374064837905,50276.6925,223.94489102112564,Dedo pulgar
230.48379052369077,55948.965,236.2402196843474,Dedo pulgar
224.2942643391521,52600.59,229.0620362671494,Dedo pulgar
203.2718204488778,42665.17,206.29777765970158,Dedo pulgar
223.9077306733167,52345.0425,228.50493700227565,Dedo pulgar
216.28179551122196,49066.5975,221.23344436981193,Dedo pulgar
215.68827930174564,48705.3175,220.41746268243267,Dedo pulgar
224.37655860349128,52889.5575,229.69036405919576,Dedo pulgar
222.50374064837905,51514.15,226.68411013023422,Dedo pulgar
263.77556109725685,72516.415,268.9527394540728,Dedo pulgar
280.4912718204489,83912.5625,289.3152333345092,Dedo pulgar
247.6059850374065,65028.49,254.68868092148537,Dedo pulgar
238.26683291770573,58647.9275,241.8711915807838,Dedo pulgar
283.8229426433915,87595.5725,295.5962274383935,Dedo pulgar
332.0498753117207,116950.805,341.55403248568433,Dedo pulgar
287.640897755611,90780.24,300.9216764568415,Dedo pulgar
278.6334164588529,84998.95,291.18204364905625,Dedo pulgar
354.1695760598504,134565.52,366.3740508512538,Dedo pulgar
294.6309226932668,93792.1375,305.87291788463693,Dedo pulgar
319.96758104738154,110786.6925,332.43107023690317,Dedo pulgar
320.9052369077307,110021.9375,331.2817057710154,Dedo pulgar
305.5211970074813,100621.275,316.81279823766914,Dedo pulgar
381.8952618453865,159888.71,399.3619724478114,Dedo pulgar
325.5785536159601,111862.0525,334.04055856002316,Dedo pulgar
306.81296758104736,99075.62,314.3700822731529,Dedo pulgar
301.0074812967581,99124.08,314.44695543215016,Dedo pulgar
255.38902743142145,67170.6025,258.8495600983171,Dedo pulgar
296.4189526184539,94822.89,307.5490594037797,Dedo pulgar
288.785536159601,92354.7275,303.52004292773296,Dedo pulgar
243.74064837905237,62165.735,249.0194936735404,Dedo pulgar
255.22942643391522,68565.0125,261.52251801980924,Dedo pulgar
354.20448877805484,133680.01,365.1665967630681,Dedo pulgar
374.79551122194516,155847.1625,394.2822798573077,Dedo pulgar
277.93017456359104,81280.17,284.7410688840423,Dedo pulgar
308.7805486284289,100079.8325,315.95926455455515,Dedo pulgar
373.0498753117207,151209.5425,388.3715506401485,Dedo pulgar
346.6334164588529,128633.12,358.20711767372757,Dedo pulgar
302.8279301745636,96341.34,310.0017536753551,Dedo pulgar
373.8977556109726,155181.4075,393.43922204882426,Dedo pulgar
328.65835411471323,120221.46,346.2970630258783,Dedo pulgar
268.2942643391521,75554.96,274.52967715876866,Dedo pulgar
435.73815461346635,211478.5275,459.29418636200387,Dedo pulgar
393.5810473815461,184753.4,429.29321952387863,Dedo pulgar
328.0498753117207,115206.495,338.9973407085685,Dedo pulgar
354.4638403990025,134549.18,366.3518061717272,Dedo pulgar
301.45885286783044,94945.2975,307.74750394526137,Dedo pulgar
443.7007481296758,240577.195,489.8747307938267,Dedo pulgar
286.18952618453864,86002.48,292.8959029673552,Dedo pulgar
448.8004987531172,231131.4275,480.161472736255,Dedo pulgar
353.3990024937656,131519.5975,362.2038355040782,Dedo pulgar
436.43,192200.0551378446,437.85791645235787,Dedo pulgar
453.8503740648379,208450.07,455.9936889793843,Dedo pulgar
485.79052369077306,239365.395,488.6394108291526,Dedo pulgar
498.91770573566083,252653.16,502.0190257792916,Dedo pulgar
499.46633416458855,253926.835,503.2828240636732,Dedo pulgar
476.41645885286783,230952.7925,479.9758852005638,Dedo pulgar
475.06733167082297,228503.76,477.4242612048873,Dedo pulgar
483.1496259351621,237813.2225,487.05253522574486,Dedo pulgar
469.2369077306733,223569.565,472.2415006251761,Dedo pulgar
451.91022443890273,207324.85,454.761289495863,Dedo pulgar
468.01745635910225,221379.0775,469.9223446220262,Dedo pulgar
498.1321695760598,252125.0575,501.4940844199754,Dedo pulgar
471.27431421446386,224476.6075,473.1984947792487,Dedo pulgar
458.5885286783042,212346.715,460.235996060527,Dedo pulgar
480.3142144638404,235745.96,484.9309897685497,Dedo pulgar
515.4538653366584,272323.0675,521.1947405778238,Dedo pulgar
461.2992518703242,216378.3125,464.584454874163,Dedo pulgar
471.59850374064837,225369.9675,474.1391648355182,Dedo pulgar
465.9476309226933,221133.9775,469.662135153567,Dedo pulgar
486.3017456359102,241132.3225,490.43959364275315,Dedo pulgar
451.142144638404,205264.47,452.49595415724804,Dedo pulgar
488.49625935162095,244735.0725,494.089830494925,Dedo pulgar
477.68827930174564,230580.9525,479.58934272548254,Dedo pulgar
483.3216957605985,236130.6,485.3264320392103,Dedo pulgar
487.0975,239877.75187969924,489.1605641300206,Dedo pulgar
466.9476309226933,220098.77,468.5615170517585,Dedo pulgar
486.4339152119701,239086.905,488.35507400275816,Dedo pulgar
472.57605985037407,225717.7875,474.50490013210253,Dedo pulgar
463.1720698254364,217036.115,465.29010069577697,Dedo pulgar
476.6009975062344,230305.7975,479.3031074674252,Dedo pulgar
489.19700748129674,241987.205,491.3081982176872,Dedo pulgar
480.1321695760598,233337.0875,482.4470950283014,Dedo pulgar
465.5660847880299,218587.32,466.94990573276743,Dedo pulgar
506.1172069825436,262024.8225,511.24494522191867,Dedo pulgar
499.7506234413965,252634.39,502.0003775420583,Dedo pulgar
485.50374064837905,239926.6125,489.2119088601315,Dedo pulgar
485.8229426433915,239213.8875,488.4847429957776,Dedo pulgar
459.857855361596,214294.4375,462.3419053108682,Dedo pulgar
487.785536159601,241868.76,491.1879436732696,Dedo pulgar
487.8778054862843,240222.2575,489.51322709529194,Dedo pulgar
514.1371571072319,269982.3825,518.9500069618323,Dedo pulgar
518.4214463840399,274780.4275,523.5410103575311,Dedo pulgar
480.7581047381546,234100.02,483.2351698980879,Dedo pulgar
534.7306733167082,294984.6925,542.447296818259,Dedo pulgar
532.5261845386534,291015.6375,538.7855906742537,Dedo pulgar
321.0074812967581,110930.635,332.64696000414614,Dedo pulgar
328.3092269326683,110432.6,331.8993928625716,Dedo pulgar
350.2568578553616,126002.2475,354.52507306454567,Dedo pulgar
352.39401496259353,126571.45,355.32493646494254,Dedo pulgar
333.55361596009976,113778.7775,336.8902490429923,Dedo pulgar
298.5885286783042,90284.535,300.0989612339,Dedo pulgar
325.2793017456359,108086.5875,328.35505917798884,Dedo pulgar
323.46882793017454,106835.2625,326.44883274259456,Dedo pulgar
295.66832917705733,88926.9125,297.83409748706606,Dedo pulgar
303.74064837905235,93448.36,305.31184335980254,Dedo pulgar
330.24688279301745,112898.1375,335.5839626829254,Dedo pulgar
311.3067331670823,97959.725,312.5946839102955,Dedo pulgar
305.51122194513715,94582.77,307.1594093351889,Dedo pulgar
290.7431421446384,86412.415,293.5931243971269,Dedo pulgar
314.0997506234414,104876.86,323.44291875964853,Dedo pulgar
334.51122194513715,120176.5675,346.2324007248898,Dedo pulgar
324.8977556109726,110442.27,331.91392388363346,Dedo pulgar
309.18703241895264,97116.545,311.2464603850852,Dedo pulgar
318.73067331670825,105185.6725,323.91876155878276,Dedo pulgar
375.40149625935163,154154.28,392.13499634895635,Dedo pulgar
343.9576059850374,120890.5575,347.2593912164651,Dedo pulgar
364.05985037406487,137241.93,369.99956864570123,Dedo pulgar
370.67331670822944,143092.37,377.8035616190904,Dedo pulgar
336.3216957605985,115857.5525,339.95386587402305,Dedo pulgar
357.00997506234415,132259.3275,363.22101225101005,Dedo pulgar
302.3815461346633,95363.1375,308.4239358245825,Dedo pulgar
338.7705735660848,118453.1475,343.7408225934287,Dedo pulgar
342.4189526184539,121079.335,347.5304181236471,Dedo pulgar
314.25935162094765,101556.055,318.28100478191834,Dedo pulgar
315.56857855361596,102529.4425,319.80268620625776,Dedo pulgar
312.0523690773067,101627.7375,318.39331297254955,Dedo pulgar
395.65835411471323,174883.6725,417.6691916049831,Dedo pulgar
327.7630922693267,111371.9625,333.3080061034663,Dedo pulgar
337.34912718204487,125626.8975,353.99662917368886,Dedo pulgar
384.05486284289276,167762.02,409.07659533133926,Dedo pulgar
376.3366583541147,145764.3275,381.3146016564393,Dedo pulgar
378.53366583541145,152212.18,389.6570267603815,Dedo pulgar
411.29675810473816,182889.75,427.12254194248686,Dedo pulgar
382.2493765586035,157181.68,395.96679877946946,Dedo pulgar
318.8428927680798,107390.255,327.2956597295563,Dedo pulgar
383.1246882793017,161276.5975,401.0915250554687,Dedo pulgar
324.46633416458855,108698.2575,329.282841226482,Dedo pulgar
343.8902743142145,122903.59,350.13868289130505,Dedo pulgar
379.74812967581045,171229.1875,413.28220630083723,Dedo pulgar
296.99750623441395,96374.67,310.05537273943264,Dedo pulgar
423.6558603491272,209307.735,456.9308159596659,Dedo pulgar
474.3815461346633,253351.8325,502.7126738197005,Dedo pulgar
329.1197007481297,115159.0625,338.92754799959454,Dedo pulgar
296.54114713216956,92162.1975,303.2035068786988,Dedo pulgar
309.90773067331673,100819.6925,317.1250097681494,Dedo pulgar
299.3092269326683,93472.0675,305.3505691411316,Dedo pulgar
294.27680798004985,89961.1575,299.5610379561178,Dedo pulgar
366.3067331670823,153456.2325,391.2461483879796,Dedo pulgar
330.0947630922693,115791.145,339.85642413735746,Dedo pulgar
307.68827930174564,100346.3975,316.37976722166025,Dedo pulgar
326.9925187032419,114044.945,337.2840696518259,Dedo pulgar
318.0274314214464,105164.9025,323.886779423438,Dedo pulgar
346.45386533665834,125337.415,353.5885361091765,Dedo pulgar
351.6334164588529,129831.9675,359.8724732561262,Dedo pulgar
346.640897755611,128777.3275,358.4078501266664,Dedo pulgar
314.6633416458853,103915.72,321.9574172986483,Dedo pulgar
323.4139650872818,108982.7775,329.71351200701497,Dedo pulgar
295.2269326683292,90431.875,300.3437349142552,Dedo pulgar
251.9226932668329,65763.4125,256.1238254537974,Dedo pulgar
326.0648379052369,114925.06,338.58302355611244,Dedo pulgar
257.19451371571074,71941.9825,267.8853785854136,Dedo pulgar
279.4638403990025,81268.4025,284.720456157638,Dedo pulgar
259.04738154613466,69769.09,263.80883655478453,Dedo pulgar
256.30423940149626,67344.975,259.185324466785,Dedo pulgar
250.20199501246884,65634.9575,255.87356116204276,Dedo pulgar
289.8778054862843,88234.4525,296.672237425164,Dedo pulgar
258.8079800498753,69466.88,263.2368627021808,Dedo pulgar
235.1221945137157,57834.96,240.18895304964028,Dedo pulgar
257.4488778054863,68800.1525,261.97057286531543,Dedo pulgar
274.5162094763092,78856.6225,280.4638525168236,Dedo pulgar
322.0947630922693,110465.675,331.9490917313179,Dedo pulgar
343.0872817955112,122245.705,349.2003047934386,Dedo pulgar
289.21695760598504,89189.275,298.27312627080835,Dedo pulgar
284.1172069825436,86416.3075,293.59973686344523,Dedo pulgar
265.3067331670823,73721.59,271.17843873713525,Dedo pulgar
275.29675810473816,81985.335,285.9735700952406,Dedo pulgar
255.73815461346632,70116.4975,264.46482448809934,Dedo pulgar
266.8304239401496,76719.1675,276.63667125003377,Dedo pulgar
267.0448877805486,75881.3075,275.12193170798497,Dedo pulgar
284.70324189526184,87615.225,295.6293848166692,Dedo pulgar
295.5361596009975,93490.95,305.38140985705775,Dedo pulgar
306.8428927680798,100544.5,316.6919095683294,Dedo pulgar
329.785536159601,118784.62,344.2214389059661,Dedo pulgar
321.9576059850374,110233.7625,331.60046039874305,Dedo pulgar
306.7655860349127,97052.6625,311.14407580769466,Dedo pulgar
326.31920199501246,111246.21,333.11978030421005,Dedo pulgar
296.67331670822944,93686.76,305.7010421670899,Dedo pulgar
294.1246882793017,92645.565,303.9975800533686,Dedo pulgar
318.3366583541147,109784.8625,330.9245907877351,Dedo pulgar
342.27431421446386,127290.08,356.33221630811374,Dedo pulgar
323.5660847880299,112119.685,334.4250062241607,Dedo pulgar
300.0648379052369,94957.735,307.76766020543675,Dedo pulgar
340.286783042394,125102.0825,353.25643268300183,Dedo pulgar
315.33915211970077,108230.9425,328.57425325221294,Dedo pulgar
311.8952618453865,102184.785,319.2647179062394,Dedo pulgar
307.3253424657534,104166.11340206186,322.1946308320272,Dedo pulgar
